ROUND;1;2;3;4;5;6;7;8;9;10;11;12;13;14;15;16;17;18;19;20;21;22;23;24;25;26;27;28;29;30;31;32;33;34;35;36;37;38;39;40;41;42;43;44;45;46;47;48;49;50;51;52;53;54;55;56;57;58;59;60;61;62;63;64;65;66;67;68;69;70;71;72;73;74;75;76;77;78;79;80;81;82;83;84;85;86;87;88;89;90;91;92;93;94;95;96;97;98;99;100;101;102;103;104;105;106;107;108
USERGRP1;3;1;2;1;1;3;3;3;1;3;3;3;2;3;2;1;1;1;3;2;1;3;2;1;2;1;3;3;3;1;3;3;3;2;2;2;1;2;1;1;3;3;2;1;1;2;2;2;3;3;1;1;3;3;2;3;3;2;3;1;1;2;2;1;2;3;1;3;1;3;2;2;3;1;2;3;2;2;3;2;2;2;3;3;2;2;1;3;2;2;2;3;1;3;3;3;3;2;1;2;1;3;1;1;2;1;2;1
USERGRP2;3;1;2;3;3;1;1;2;3;1;2;2;2;2;2;2;1;2;1;3;1;2;1;3;3;3;3;1;1;2;3;3;3;1;2;2;2;2;1;3;2;1;2;2;3;3;1;1;3;3;2;2;2;3;1;3;3;1;2;3;2;2;2;3;2;1;3;2;2;2;1;2;1;2;3;2;1;3;3;1;2;3;2;1;1;2;2;1;2;3;3;2;3;3;2;3;3;1;2;2;3;2;2;2;2;3;2;1
USERGRP3;1;3;1;3;1;1;3;2;1;3;3;3;3;1;3;3;2;1;3;2;2;2;3;1;3;3;2;3;1;2;1;1;3;2;1;2;2;2;1;1;1;2;2;2;2;3;3;1;2;1;3;2;3;2;1;3;1;2;1;3;1;2;2;1;2;1;1;1;2;3;3;2;1;1;3;1;1;2;2;1;1;1;2;2;3;2;3;2;1;1;3;3;1;2;3;2;2;2;2;3;3;3;3;1;2;2;3;2
USERGRP4;1;3;3;3;2;3;1;1;2;1;2;2;1;1;1;1;1;1;1;1;1;1;3;2;1;3;3;2;1;2;3;2;2;3;1;1;3;3;2;3;2;2;1;2;3;1;3;3;2;1;3;3;2;3;3;2;1;2;2;1;3;1;2;2;3;3;2;3;2;1;1;3;3;2;1;3;3;1;2;3;3;2;3;3;3;3;2;2;1;3;2;3;1;1;1;3;1;1;1;2;1;1;1;3;2;3;3;3
USERGRP5;3;2;2;2;1;2;3;2;3;2;2;3;3;3;3;2;1;1;1;1;3;3;1;1;1;2;1;1;2;2;2;2;1;3;3;2;1;1;3;3;2;2;1;3;3;1;3;1;2;3;1;1;3;3;1;3;1;3;2;2;1;2;2;1;3;2;3;1;1;3;3;1;1;1;2;1;1;1;1;3;1;3;1;1;3;1;1;3;2;3;3;1;1;3;2;1;2;1;1;3;1;3;1;3;3;1;2;2
USERGRP6;2;2;2;2;1;1;3;2;1;1;1;2;3;3;1;3;3;2;1;2;2;2;1;3;3;2;2;2;1;2;1;1;1;2;3;1;1;3;3;3;3;1;1;3;1;2;3;1;3;3;3;2;3;2;1;3;1;2;1;2;2;2;3;3;2;3;1;3;2;1;3;2;1;3;3;3;3;1;1;3;1;1;1;2;1;3;1;2;1;1;3;3;1;1;1;3;3;2;1;2;3;1;1;1;2;2;1;2
USERGRP7;1;1;2;2;2;1;2;2;3;3;3;2;2;1;1;3;3;3;3;2;1;1;2;2;2;1;3;1;2;2;3;1;2;2;1;3;2;3;3;1;1;1;3;2;2;3;3;1;3;3;1;3;1;2;3;3;1;3;1;3;2;3;2;3;1;3;1;3;3;1;1;2;1;3;2;1;3;2;3;3;3;2;1;1;3;3;3;1;1;3;1;2;1;1;2;3;2;3;3;3;2;2;1;1;3;3;3;3
USERGRP8;3;1;3;1;1;2;2;2;1;2;1;3;2;1;2;2;1;3;2;2;2;2;1;1;2;3;3;3;3;2;2;2;2;2;3;3;2;1;3;1;3;2;3;3;2;2;3;2;1;1;1;2;1;2;2;2;2;2;2;1;1;2;1;2;1;3;1;2;2;1;3;3;3;2;1;3;1;3;3;1;1;3;1;3;3;1;1;3;2;3;2;1;1;1;2;1;3;1;1;1;2;1;3;1;1;3;3;1
USERGRP9;1;3;1;2;2;1;2;1;3;2;1;1;1;3;3;2;3;2;3;2;1;3;1;2;2;1;2;3;3;1;2;2;1;2;1;1;1;2;2;2;3;2;2;3;3;1;2;2;2;1;3;3;1;3;3;1;3;1;3;2;2;2;1;2;2;2;1;1;1;3;3;1;2;1;3;3;3;3;3;1;3;2;3;3;1;3;3;2;3;3;2;2;3;3;1;1;1;2;1;2;1;3;1;2;1;1;3;3
USERGRP10;1;1;1;3;3;3;2;3;2;1;2;1;1;2;1;1;2;1;3;2;1;3;1;2;2;1;2;3;1;2;1;1;1;2;1;3;2;3;3;3;2;2;2;2;2;3;1;1;3;2;1;3;1;1;3;1;2;3;1;2;2;3;1;1;3;3;2;2;1;2;3;1;3;3;1;2;3;3;2;2;2;1;2;1;2;3;3;1;2;2;1;3;3;2;3;1;3;2;1;1;1;2;3;3;1;1;1;3
USERGRP11;1;3;2;2;2;1;2;1;3;1;3;1;3;3;1;1;3;1;1;2;3;2;3;2;3;2;1;1;1;3;2;3;3;3;2;3;3;1;1;1;1;3;2;1;3;3;2;3;1;1;1;3;2;3;3;2;1;2;3;3;3;2;3;1;3;3;1;2;2;1;3;2;1;1;1;3;2;1;1;2;1;1;3;1;3;1;1;3;3;1;1;2;2;3;3;3;2;1;3;3;2;1;1;3;2;1;1;2
USERGRP12;3;1;2;2;1;2;3;2;2;3;2;1;1;3;2;2;1;3;3;3;3;3;2;1;3;3;2;1;2;1;3;3;1;3;1;3;3;3;2;3;2;3;1;3;1;2;1;3;3;3;3;1;3;3;2;1;2;3;1;1;3;3;3;2;1;2;3;1;1;1;3;3;2;1;3;3;3;3;3;3;1;1;2;3;2;2;1;3;3;1;2;1;1;2;2;1;3;1;1;3;1;1;1;2;3;3;2;1
USERGRP13;2;2;3;2;1;1;2;2;2;2;2;2;1;2;1;3;2;3;3;1;3;3;2;1;3;3;2;1;2;3;1;1;1;2;2;1;3;2;2;2;2;1;2;3;3;3;3;1;2;1;2;3;1;1;3;1;3;2;2;1;1;2;1;1;2;3;1;1;2;2;3;2;3;1;3;1;1;3;2;2;2;1;1;3;2;3;3;3;1;3;3;3;3;2;1;3;1;3;3;1;1;1;3;2;3;2;1;3
USERGRP14;2;1;1;3;3;2;1;1;3;1;2;2;2;3;2;1;3;1;1;3;1;1;1;1;1;1;1;2;3;2;1;2;1;1;1;3;1;1;2;1;3;3;2;3;1;3;3;2;1;3;3;2;1;2;2;1;2;2;2;1;1;1;1;2;2;1;2;1;2;1;2;2;1;1;2;1;3;1;3;1;3;3;2;3;3;2;3;3;2;3;1;3;1;2;3;1;3;1;2;2;3;2;3;2;2;2;1;3
USERGRP15;3;1;2;2;3;3;1;1;3;3;2;2;3;2;1;3;2;3;2;3;1;3;1;2;1;3;1;1;2;2;1;2;1;3;2;2;2;1;1;1;3;1;2;1;1;3;3;2;2;3;2;1;2;3;2;3;1;1;1;3;1;3;2;3;1;3;2;3;3;3;1;3;3;3;3;2;2;2;1;2;2;2;3;2;2;3;1;3;1;1;3;1;3;2;3;2;2;1;2;2;1;1;3;3;3;1;3;2
USERGRP16;1;1;2;2;1;2;3;3;3;1;1;2;1;2;3;1;2;1;2;1;1;3;1;2;2;3;2;2;2;3;1;1;2;2;2;2;2;3;2;1;2;3;3;3;1;1;1;3;2;3;3;3;1;3;2;2;3;1;1;1;3;1;1;1;2;3;2;1;2;2;3;2;3;3;1;1;1;2;3;3;2;3;3;1;3;1;2;1;3;2;1;3;1;3;3;1;2;1;3;1;2;3;1;3;3;1;1;2
USERGRP17;1;3;3;1;2;3;1;2;3;1;3;1;3;1;1;3;1;2;3;1;2;2;1;1;2;3;3;3;2;2;3;2;2;1;2;3;3;3;1;2;1;2;3;2;2;3;2;3;2;3;3;2;2;1;3;3;3;3;1;1;2;3;1;1;2;2;3;3;1;1;2;3;3;1;1;1;3;1;2;1;3;3;3;2;3;1;2;2;3;1;1;2;3;1;2;2;3;1;3;1;2;2;1;3;2;3;2;3
USERGRP18;1;3;3;3;1;3;3;3;3;3;3;3;1;1;1;2;3;2;1;2;3;2;2;3;2;3;3;2;2;2;3;3;3;2;1;2;3;3;2;1;2;2;2;3;1;1;1;2;3;3;2;3;2;1;3;2;2;1;1;2;3;1;2;1;2;2;3;3;2;3;2;1;2;3;3;2;2;2;2;1;2;3;2;1;1;2;1;1;1;3;2;2;1;3;3;1;3;3;1;3;1;2;3;3;2;3;3;1
USERGRP19;2;2;3;3;2;2;1;2;2;1;3;2;2;1;1;1;1;1;1;1;3;2;3;2;2;3;3;1;1;3;2;3;3;2;2;3;1;1;3;2;2;2;1;1;3;2;2;1;3;1;2;2;3;1;1;2;2;1;1;1;2;3;3;2;3;3;1;1;1;2;2;3;2;1;3;3;3;3;3;1;2;1;3;1;2;3;3;2;3;1;1;3;3;2;1;2;2;2;3;1;1;2;2;1;1;2;1;1
USERGRP20;1;1;3;3;1;1;3;1;2;3;3;2;3;1;2;2;3;3;2;3;1;2;2;1;3;1;3;2;2;3;2;1;2;1;3;2;2;1;3;3;1;1;1;1;2;1;3;3;3;2;1;3;1;2;1;3;1;1;2;2;1;1;2;1;2;1;1;2;2;3;1;1;2;2;1;2;3;2;1;3;3;2;3;3;1;2;1;2;3;1;1;3;3;3;2;3;1;3;1;2;2;1;3;1;3;1;2;1
USERGRP21;3;3;2;2;3;1;2;3;3;3;2;1;3;3;1;1;1;3;3;3;3;1;2;1;3;1;2;2;1;2;1;1;2;3;3;3;3;3;1;2;1;2;2;1;3;1;3;2;2;1;1;3;3;1;3;2;3;1;3;1;1;2;3;3;1;1;3;3;3;1;2;1;2;2;2;2;1;3;1;3;1;2;1;1;1;2;3;1;1;1;3;3;1;2;3;1;3;1;1;2;1;3;3;3;1;2;1;3
USERGRP22;1;2;3;2;1;1;1;3;1;1;2;1;1;3;1;1;1;1;3;3;1;2;1;3;1;1;2;3;3;1;2;3;2;3;1;1;3;1;1;2;3;2;3;3;3;1;2;3;2;1;2;1;1;1;2;2;3;1;3;3;1;2;2;2;3;1;1;2;1;3;3;2;1;1;3;2;2;2;1;3;3;3;2;3;3;3;2;1;1;2;2;3;2;3;3;2;1;1;1;2;2;3;2;2;3;1;3;2
USERGRP23;2;3;3;2;3;2;2;1;3;3;2;3;2;2;2;2;3;2;1;3;3;1;2;1;3;1;2;1;3;3;3;2;1;3;1;1;2;1;2;2;2;1;3;1;1;2;3;2;1;2;3;3;2;2;3;2;3;1;2;1;2;1;2;1;2;3;2;3;3;3;2;1;2;3;2;1;1;1;1;1;2;2;1;2;1;1;3;3;1;2;1;1;2;3;1;1;3;3;3;3;1;1;2;1;2;1;3;3
USERGRP24;1;3;3;3;3;1;1;3;2;2;3;1;3;1;1;2;3;1;2;2;2;3;3;3;3;1;1;3;1;3;2;1;2;1;2;2;2;3;1;2;3;3;3;2;1;2;2;1;2;1;2;1;1;1;1;1;2;3;2;2;3;2;1;3;1;1;3;1;3;3;3;3;1;2;3;1;2;3;3;1;2;3;1;3;3;3;1;1;3;2;1;2;1;3;2;2;2;3;3;1;2;3;1;1;2;2;2;2
USERGRP25;2;2;3;1;3;2;1;2;3;2;2;2;2;1;2;3;2;1;3;3;1;3;1;1;1;3;3;2;1;3;2;2;2;1;3;3;2;2;2;1;3;3;2;2;2;2;2;2;2;3;2;1;2;3;3;2;3;2;3;2;1;2;2;1;2;1;1;1;1;2;2;1;3;1;1;3;2;3;3;3;2;1;1;2;2;3;2;1;1;3;1;3;2;3;1;1;2;1;3;2;3;2;2;1;3;3;3;1
USERGRP26;3;1;3;2;2;3;3;2;1;3;2;2;3;3;1;2;3;2;2;2;2;2;3;3;3;2;2;2;2;2;1;2;3;1;3;1;2;3;1;2;1;1;2;1;1;2;3;1;1;2;1;2;3;1;2;1;2;1;1;1;2;3;3;3;1;1;2;2;2;3;2;3;3;2;2;3;1;2;2;1;1;1;2;3;1;3;1;3;3;1;1;3;2;2;2;2;1;1;3;3;1;1;1;1;2;1;2;3
USERGRP27;1;2;2;2;1;2;2;1;3;3;3;1;2;1;1;1;1;1;3;3;3;1;2;2;2;2;2;1;2;3;1;2;3;1;2;2;3;3;1;2;1;2;2;1;2;2;2;2;2;3;3;1;1;2;3;2;3;2;1;1;2;1;1;3;3;3;2;1;1;3;1;3;3;3;1;2;1;1;2;1;3;2;3;1;3;2;1;1;3;1;3;3;1;1;2;1;3;1;3;3;3;1;3;3;1;3;1;1
USERGRP28;3;3;1;1;2;2;3;3;1;2;2;3;1;1;1;2;1;1;3;3;2;2;1;3;3;2;2;3;3;2;1;2;1;2;1;2;2;2;3;2;1;3;2;1;2;2;1;2;1;3;1;3;2;2;3;1;3;1;2;1;2;2;1;2;1;3;3;1;3;1;1;3;2;2;2;3;1;1;3;2;3;1;3;3;3;3;3;1;3;2;2;2;1;2;2;1;1;3;3;3;3;1;1;1;2;2;3;2
USERGRP29;3;1;2;2;3;1;2;3;3;2;2;1;1;3;2;3;3;3;3;2;2;2;3;1;2;3;2;3;2;3;1;2;2;1;1;2;1;3;3;2;3;2;1;2;1;2;1;3;2;1;1;2;2;2;3;2;3;2;1;1;3;3;2;1;1;1;3;3;3;3;1;2;2;3;1;1;2;2;2;2;2;3;1;2;3;3;1;2;2;3;1;2;3;2;2;2;3;2;3;1;1;2;3;3;1;2;1;1
USERGRP30;2;3;3;3;2;2;3;1;2;1;2;1;2;2;1;1;2;2;2;1;2;1;1;2;3;1;3;3;3;3;2;2;3;1;1;3;1;3;2;1;1;1;1;2;2;2;2;1;2;2;3;2;1;1;3;1;3;1;2;3;2;1;2;2;3;1;1;2;2;3;1;1;1;2;1;1;1;3;1;2;2;1;1;3;1;1;2;2;3;3;3;2;1;1;1;1;1;3;3;2;3;2;3;1;1;2;1;2
USERGRP31;2;3;1;3;3;1;3;1;2;1;1;1;3;1;1;3;1;3;1;3;3;1;2;3;2;2;3;3;2;3;3;2;3;2;1;2;2;1;1;1;2;2;3;2;3;2;3;3;3;3;1;1;1;2;3;3;2;2;1;3;1;2;2;2;3;2;1;2;1;2;2;2;2;3;1;1;1;1;3;3;3;2;3;1;1;3;3;3;1;2;1;3;1;3;1;3;1;2;3;3;1;1;3;3;3;1;3;3
USERGRP32;1;2;1;3;3;1;2;3;2;3;1;2;2;1;3;3;2;1;3;1;3;1;3;1;2;2;3;1;1;3;2;1;2;3;2;3;2;2;1;1;3;2;1;3;3;3;3;1;3;2;1;3;3;2;3;1;3;1;1;1;3;3;3;1;2;2;2;2;3;2;3;1;2;3;2;2;2;1;1;3;3;3;2;3;1;1;1;2;3;2;3;2;1;2;1;1;1;1;3;1;3;3;2;3;2;3;1;2
USERGRP33;3;3;3;2;3;2;2;2;3;3;2;2;1;2;1;2;3;3;1;3;2;3;1;2;3;2;3;2;2;2;2;2;3;2;2;1;2;2;2;3;2;1;1;3;2;2;3;1;1;3;1;2;1;3;2;3;3;3;1;1;3;1;1;1;3;3;1;3;1;3;2;1;2;1;1;3;1;3;1;1;1;3;3;2;3;2;1;1;3;1;2;2;3;2;1;3;1;1;2;3;3;2;2;1;1;3;2;2
USERGRP34;1;2;2;3;3;1;1;1;3;1;2;2;3;1;1;2;1;1;1;3;1;3;2;1;1;3;1;3;2;2;1;3;1;2;2;2;3;2;3;3;3;1;1;3;3;1;2;3;1;3;3;2;3;2;1;3;1;2;2;2;2;1;1;3;2;2;1;3;1;3;2;3;1;3;1;1;3;3;1;2;1;1;1;1;2;2;3;2;1;1;2;2;1;3;2;3;1;1;2;3;1;3;3;2;2;1;1;1
USERGRP35;3;1;1;1;3;3;2;2;3;1;2;2;2;3;3;2;3;2;2;1;3;1;3;1;3;3;1;1;1;3;1;2;3;2;2;2;3;1;2;1;3;2;2;3;3;1;1;1;3;1;1;2;3;2;1;1;3;2;1;3;3;3;1;1;2;1;3;3;3;3;3;2;2;1;1;1;3;1;3;1;1;1;2;3;1;1;3;1;1;2;2;1;3;1;3;3;2;2;1;1;1;1;1;1;1;3;2;2
USERGRP36;1;3;1;2;1;3;1;3;1;3;2;1;3;2;1;2;1;2;3;3;2;2;3;2;1;3;3;1;2;3;2;1;2;2;1;3;2;3;2;2;1;1;2;1;1;1;1;2;3;1;3;2;3;2;2;1;2;3;3;2;1;3;1;3;1;1;1;1;1;1;1;2;2;1;2;3;2;1;2;3;2;2;3;1;2;1;2;2;3;3;3;3;2;3;1;3;3;3;2;1;2;1;3;1;1;3;3;1
USERGRP37;3;1;3;3;1;3;2;3;3;3;2;1;2;1;1;3;3;3;3;2;3;1;1;1;2;3;2;1;2;1;2;1;1;1;2;3;2;1;1;1;3;1;3;3;2;1;1;1;1;3;3;3;3;1;3;2;1;3;2;2;1;1;2;2;3;2;1;1;3;1;3;2;2;2;2;1;3;2;3;1;1;3;3;2;2;1;2;2;2;2;1;2;2;1;2;3;1;2;1;2;2;2;2;1;1;1;1;1
USERGRP38;1;3;2;3;2;3;3;1;2;2;3;2;1;2;1;1;2;2;3;2;2;1;3;1;3;2;3;2;3;1;3;3;2;3;1;3;2;3;2;3;3;3;3;3;3;1;2;3;3;3;3;3;2;2;2;1;3;3;1;2;3;3;2;1;1;3;1;2;2;3;2;1;2;1;1;1;3;3;2;2;2;3;3;2;2;1;3;1;3;3;3;1;3;2;1;1;3;3;2;1;1;1;2;1;3;2;2;1
USERGRP39;2;1;3;3;3;3;3;2;1;1;2;3;3;2;1;3;1;1;1;1;1;2;2;3;2;1;1;2;1;2;1;3;3;2;3;2;2;1;2;1;3;1;1;2;3;3;1;3;1;1;2;2;1;2;3;1;2;3;3;2;2;3;3;3;1;3;2;1;3;3;1;1;3;2;2;2;1;1;2;2;1;3;2;1;1;3;1;1;3;1;2;3;3;3;2;2;2;3;2;2;3;1;1;2;1;3;2;1
USERGRP40;1;2;3;3;3;1;2;2;3;2;3;1;1;2;2;2;1;3;3;2;1;1;2;2;2;1;2;3;2;1;3;2;1;2;2;1;1;1;1;2;2;3;3;1;3;2;1;3;3;2;3;1;2;2;2;1;3;1;2;3;2;2;3;3;1;1;2;3;1;2;3;1;1;3;2;3;3;2;1;1;3;3;1;2;3;1;2;2;2;2;3;3;3;1;1;3;2;1;3;1;2;1;1;1;3;2;3;1
USERGRP41;1;2;2;1;2;1;2;3;1;1;2;1;2;1;2;1;3;2;1;2;3;3;2;1;1;3;1;1;2;1;1;1;2;2;3;3;3;1;3;1;2;2;1;2;2;1;1;1;2;1;1;2;2;2;2;2;3;1;3;2;1;1;3;1;2;1;2;1;1;3;3;2;1;2;3;2;2;1;1;2;2;1;2;2;2;3;2;3;2;2;1;1;1;2;1;2;2;2;1;2;1;1;2;1;2;2;3;2
USERGRP42;1;2;1;2;3;1;2;3;2;2;2;3;1;2;1;3;1;1;3;1;1;1;1;3;2;2;3;3;2;1;2;2;3;2;2;2;2;3;3;3;2;3;1;3;1;1;3;1;2;2;1;3;2;3;1;3;3;2;1;2;2;2;2;2;3;3;3;3;2;1;3;1;1;2;3;3;2;2;2;2;3;3;2;1;2;3;3;2;1;2;2;2;1;1;2;1;2;2;3;3;3;3;1;3;1;2;3;1
USERGRP43;2;3;3;1;3;1;3;1;2;2;1;3;1;3;3;2;2;2;1;1;3;1;1;1;3;2;3;2;3;2;3;2;3;2;2;2;2;2;3;2;3;3;3;1;3;1;3;3;3;3;2;1;3;1;3;3;1;3;2;3;1;2;2;2;3;2;3;2;1;3;1;2;3;3;2;1;3;1;3;3;3;1;3;2;1;1;3;3;2;1;3;2;1;3;2;3;1;1;3;1;1;2;1;2;1;1;1;2
USERGRP44;3;1;2;3;2;3;2;2;2;2;3;1;3;3;2;2;1;2;2;2;1;1;1;2;3;3;3;3;1;1;3;1;3;2;3;1;1;2;1;1;3;3;3;3;1;3;1;2;3;3;3;2;2;3;3;2;1;1;3;2;3;2;2;1;1;3;1;2;3;2;1;2;2;3;1;1;1;2;1;3;3;2;2;3;3;2;1;1;1;2;2;1;2;3;1;3;2;3;1;3;3;3;3;1;2;3;3;3
USERGRP45;3;3;1;3;2;3;3;3;1;2;1;3;1;1;3;1;2;2;1;3;2;2;1;1;2;2;1;1;3;1;1;2;2;3;2;3;3;2;1;2;2;3;3;1;1;2;2;2;3;1;3;1;1;2;1;1;2;1;1;3;1;3;2;2;3;3;3;1;3;3;3;3;2;1;2;3;3;2;2;3;3;2;1;2;3;2;3;3;1;2;3;3;1;2;3;2;2;2;3;3;3;3;1;3;3;1;2;2
USERGRP46;3;2;2;2;1;2;3;2;1;3;2;2;2;2;3;3;1;1;3;2;1;1;2;1;1;2;2;1;3;3;3;2;1;2;2;1;2;1;1;1;2;2;1;3;1;1;2;2;1;1;3;1;2;1;1;2;2;3;1;3;2;2;2;1;3;3;1;3;3;2;3;3;3;2;1;1;2;1;2;1;1;1;2;2;1;1;2;1;3;1;3;2;3;3;2;3;1;3;2;1;1;2;3;3;1;3;3;3
USERGRP47;2;2;3;3;3;1;2;3;2;3;1;2;1;3;2;1;1;1;1;2;3;2;2;3;1;3;2;2;2;3;3;2;2;1;2;2;3;1;2;3;1;3;2;3;1;3;1;1;3;1;2;1;1;2;2;2;1;2;2;3;2;2;1;3;2;2;3;3;1;3;1;3;1;1;1;1;1;3;2;1;2;2;2;2;1;2;1;3;2;1;3;2;3;1;1;2;2;1;1;2;1;2;1;1;2;3;3;3
USERGRP48;2;2;1;3;3;3;3;2;1;1;3;2;2;3;3;3;3;1;2;3;1;1;3;1;2;3;2;1;3;3;3;2;1;1;3;1;1;2;3;3;2;1;1;1;2;2;3;3;2;3;1;3;1;1;1;2;2;1;3;3;3;1;1;2;3;1;3;2;2;2;1;3;2;3;1;1;2;1;2;2;1;2;2;3;2;3;3;3;2;1;2;1;1;2;1;1;3;2;3;3;3;2;3;2;2;3;2;3
USERGRP49;3;2;3;1;2;3;1;3;1;3;3;2;1;1;2;3;3;3;2;1;2;3;2;3;2;1;1;1;1;1;1;2;2;3;2;1;1;1;3;2;2;3;1;3;3;1;1;1;2;2;2;2;2;2;3;1;1;2;2;3;2;3;2;2;2;2;1;1;2;2;3;2;2;2;1;1;2;2;1;2;3;3;2;2;1;3;3;1;1;2;3;2;2;2;3;1;1;3;3;2;2;2;1;1;2;2;3;3
USERGRP50;2;3;3;1;1;3;1;1;2;2;1;2;3;1;2;2;1;1;1;3;3;3;2;2;3;3;1;2;1;3;1;3;2;2;1;2;2;3;2;1;3;2;2;3;2;3;2;3;1;2;3;2;2;3;2;1;1;2;1;3;2;3;2;1;3;3;2;2;2;2;3;1;1;2;1;2;2;2;2;3;2;3;3;3;3;3;2;3;3;1;2;2;2;1;3;1;2;2;3;1;2;2;1;3;3;2;3;1
USERGRP51;3;1;3;1;3;2;3;2;2;2;2;1;2;2;1;3;2;2;1;1;1;3;2;2;2;2;3;3;2;2;3;2;2;1;1;1;2;2;3;2;1;2;3;3;1;2;2;1;3;1;3;1;3;1;3;1;3;3;1;1;2;3;1;3;2;2;1;2;1;3;2;2;1;2;3;1;2;3;1;2;1;1;2;3;2;1;2;1;2;3;1;1;1;1;2;1;2;1;1;2;3;1;1;1;2;3;2;2
USERGRP52;2;3;1;3;2;2;2;2;2;3;2;2;3;2;2;2;3;2;1;2;2;1;2;3;3;1;3;2;3;2;2;2;3;3;3;1;3;1;1;3;2;3;2;3;3;3;1;3;2;2;2;3;2;1;1;1;2;1;3;2;3;3;1;1;3;3;3;2;2;2;2;3;1;3;3;3;2;1;3;2;3;3;2;3;1;2;1;1;3;2;1;2;3;1;1;2;2;3;2;1;3;3;3;1;2;3;2;3
USERGRP53;2;3;1;2;2;1;2;2;2;1;1;2;1;1;3;2;1;1;2;3;2;2;1;1;3;1;2;1;2;1;2;1;1;2;2;1;1;2;3;2;3;1;3;3;3;3;2;3;1;2;2;1;3;3;2;3;1;2;3;2;2;3;3;2;3;2;2;3;2;3;3;3;2;1;2;1;2;1;3;3;1;2;1;1;3;2;2;3;2;3;3;2;1;2;2;1;1;1;3;2;1;2;2;2;1;2;2;1
USERGRP54;1;3;1;2;2;2;2;3;2;3;2;3;3;1;2;1;2;1;3;2;1;1;1;1;3;1;3;2;1;2;3;3;1;3;1;1;2;3;2;1;1;2;3;2;1;2;2;3;1;3;1;1;2;1;1;3;2;3;2;3;3;1;1;2;1;1;1;3;3;1;1;2;3;1;3;3;1;1;2;3;2;2;3;3;3;1;3;1;3;1;2;2;2;3;1;3;2;2;2;1;2;1;1;2;2;3;3;3
USERGRP55;3;1;3;1;1;3;2;3;1;2;1;3;1;1;3;2;1;1;3;3;1;1;3;2;3;1;1;2;3;2;1;1;1;2;1;1;1;3;2;1;3;1;2;3;2;1;3;2;1;3;1;3;3;3;1;2;2;2;2;3;3;1;2;2;2;3;1;3;3;3;3;1;2;1;2;3;1;3;3;1;3;1;1;3;2;1;1;3;2;1;2;1;1;3;3;1;1;2;1;3;2;1;2;3;3;2;3;2
USERGRP56;1;3;1;3;2;1;3;2;1;1;2;1;2;3;3;1;3;1;1;3;3;2;3;1;1;3;2;3;2;2;1;2;1;2;1;1;1;1;1;2;3;3;1;1;1;3;3;2;3;3;2;1;3;3;1;2;1;2;1;3;2;3;3;2;3;2;2;1;3;1;2;1;2;1;2;2;1;1;2;3;3;3;2;1;2;3;1;3;2;2;1;1;1;2;3;3;3;2;3;3;1;3;3;1;2;3;2;3
USERGRP57;2;2;1;2;3;1;2;3;2;3;2;2;3;1;1;2;2;2;2;1;2;3;1;3;3;1;2;1;3;1;1;3;3;3;1;2;2;1;3;1;1;2;2;2;2;3;2;3;2;2;2;1;3;3;2;3;2;1;1;2;2;1;2;3;1;1;2;3;3;2;1;2;1;2;2;2;2;3;1;1;3;3;3;2;2;2;2;2;2;3;2;2;1;2;1;2;3;3;1;2;3;2;1;3;3;2;2;2
USERGRP58;3;1;2;3;3;3;1;2;2;1;3;1;1;3;2;1;1;1;2;3;2;3;3;3;1;2;3;3;2;2;3;1;3;2;3;1;1;1;2;1;3;1;1;3;2;3;3;3;3;3;3;1;3;2;3;2;3;1;3;1;3;1;3;3;1;1;2;3;1;2;1;2;1;3;2;2;3;1;2;3;1;1;1;2;1;3;1;1;3;3;1;1;2;1;1;1;3;1;3;2;3;1;3;1;3;3;2;2
USERGRP59;1;1;2;1;1;1;3;2;1;3;3;2;1;1;1;1;2;1;1;1;1;2;1;3;3;3;3;2;1;3;1;2;1;2;2;2;3;2;3;3;1;2;2;1;1;2;2;1;1;3;3;1;3;1;1;2;2;3;3;1;3;3;3;2;3;2;1;2;3;2;2;1;1;3;3;3;1;1;3;2;1;2;1;2;2;3;3;3;2;3;2;3;3;2;3;2;2;1;2;2;2;3;2;2;1;2;2;3
USERGRP60;2;3;2;3;1;1;1;2;3;1;1;1;3;1;2;2;3;3;1;2;2;3;1;2;3;2;1;3;2;3;3;3;1;3;2;2;1;1;3;3;1;3;3;3;2;3;3;1;3;1;2;3;2;2;3;3;3;1;2;2;1;2;2;2;1;2;2;3;3;3;2;1;2;3;1;2;1;3;2;2;3;2;3;3;2;3;3;2;1;2;1;2;2;3;1;3;3;1;3;3;2;1;2;2;1;2;2;3
USERGRP61;1;3;1;2;3;2;1;2;3;1;3;1;2;1;3;1;3;3;3;1;2;3;3;2;1;3;3;1;2;1;3;3;1;2;3;3;2;1;3;1;3;1;1;3;2;1;2;1;2;3;2;1;3;3;1;1;1;3;2;2;2;1;2;1;3;2;2;3;3;1;3;3;3;3;1;2;1;2;1;3;1;1;2;2;1;1;1;3;2;3;1;1;2;3;1;1;2;2;2;3;3;1;3;1;3;2;2;2
USERGRP62;3;1;3;3;2;2;2;3;3;2;3;1;2;2;1;3;3;2;3;3;3;3;3;3;1;1;1;3;2;3;3;1;2;1;2;3;3;1;1;2;3;3;2;3;3;2;1;2;2;2;1;1;3;2;3;2;2;3;3;1;3;1;1;1;3;3;3;3;3;1;3;2;2;3;2;2;3;3;2;1;3;1;1;2;1;3;1;3;3;2;2;3;1;1;2;3;2;1;2;3;3;1;1;2;2;1;1;1
USERGRP63;2;3;1;2;1;2;1;2;1;2;1;2;2;1;2;3;3;2;2;2;3;2;1;2;1;2;1;1;2;3;2;3;2;1;3;2;3;3;1;1;3;3;2;1;1;1;2;3;2;1;1;1;1;3;2;2;1;3;1;1;2;2;3;1;2;1;2;2;2;3;1;3;2;3;2;3;2;3;1;1;2;2;3;2;2;2;1;3;1;2;3;2;3;1;1;3;2;3;3;3;2;3;1;3;2;3;1;2
USERGRP64;2;3;1;2;1;2;2;2;3;1;1;3;2;3;3;3;3;1;1;2;1;1;1;2;2;1;1;3;3;1;3;3;1;2;3;1;2;3;3;1;3;1;1;3;1;2;3;1;2;1;1;1;2;3;1;1;3;2;1;3;3;2;2;1;2;3;2;2;2;3;1;2;1;1;1;1;2;3;3;2;2;3;2;1;2;3;1;1;2;2;2;3;2;3;1;1;1;1;3;1;3;1;2;2;3;2;3;2
USERGRP65;2;3;2;2;3;3;3;1;2;3;1;2;3;2;2;1;2;1;3;2;1;2;3;3;1;2;1;2;1;1;2;3;3;3;2;3;2;3;3;3;2;3;2;3;2;1;2;2;2;1;2;1;3;2;3;3;2;1;2;1;1;3;2;1;1;2;1;1;1;1;3;2;3;1;3;3;3;3;1;2;1;2;1;3;2;2;1;3;3;3;1;1;3;2;2;1;1;3;1;2;1;1;2;2;2;3;3;2
USERGRP66;2;2;3;3;2;1;3;1;3;2;1;1;2;3;2;1;1;3;1;3;3;3;1;3;1;2;2;1;2;1;1;2;2;1;3;3;1;3;2;1;1;3;2;2;2;3;3;2;1;2;2;3;1;1;1;1;1;3;2;1;3;2;2;2;1;3;3;2;2;1;3;1;1;2;3;3;2;1;2;3;3;1;1;2;3;3;3;2;2;2;3;3;1;3;1;3;2;2;3;1;3;3;3;1;3;1;1;3
USERGRP67;2;1;3;3;3;2;2;2;1;2;3;1;2;3;2;1;1;2;2;3;2;2;3;1;3;2;1;1;2;2;1;1;1;1;1;1;3;1;1;1;2;1;2;2;3;2;3;2;2;1;1;3;2;2;2;1;3;1;3;3;3;1;2;1;1;1;1;1;1;1;3;3;3;2;2;2;3;3;1;2;3;3;2;1;3;2;3;3;1;1;2;3;1;2;1;2;1;2;3;3;2;2;3;3;3;2;2;1
USERGRP68;2;3;2;3;2;1;2;3;3;1;1;1;3;2;3;1;3;3;1;3;3;1;3;3;2;3;1;1;2;3;3;3;3;2;3;2;2;1;2;2;2;1;1;3;2;3;1;3;3;2;2;3;1;3;1;3;1;3;3;1;2;3;3;2;2;2;3;2;3;3;3;2;2;1;2;2;3;2;3;1;1;3;1;1;1;2;3;2;3;1;1;1;3;1;2;2;3;1;1;2;1;3;2;2;3;3;1;3
USERGRP69;1;3;2;3;1;3;3;1;3;1;1;1;1;3;3;3;2;1;3;3;1;2;1;2;1;2;2;1;2;3;2;1;2;2;2;2;1;1;2;2;1;1;1;2;1;3;3;2;2;3;3;3;1;2;1;1;1;3;3;1;2;3;1;3;3;3;2;2;3;2;3;1;2;2;3;2;3;3;2;2;3;2;3;3;1;1;2;2;2;3;1;2;3;1;3;3;3;2;2;2;2;1;2;2;1;3;2;3
USERGRP70;3;2;2;2;2;2;1;1;1;1;2;2;3;2;1;1;3;1;3;2;2;1;1;1;3;1;1;2;2;1;1;3;3;1;1;1;1;2;3;2;1;1;3;3;2;2;1;1;2;1;2;3;1;3;3;1;2;3;3;3;3;1;1;2;3;2;1;2;3;2;3;3;2;2;2;2;2;1;2;3;3;1;3;2;2;3;1;2;3;3;3;2;3;1;1;2;3;2;1;1;2;3;3;2;2;3;2;3
USERGRP71;3;2;1;2;3;1;2;2;3;2;3;2;1;3;3;3;2;2;1;1;1;3;3;1;3;2;2;3;1;3;2;1;1;3;1;3;2;1;1;3;1;2;2;3;3;2;2;2;2;1;2;3;3;1;2;2;3;3;1;2;2;2;3;3;3;2;3;3;2;3;2;3;3;2;1;1;1;1;1;1;2;3;3;1;3;2;3;3;3;2;2;3;1;2;3;1;3;3;1;1;3;1;1;1;1;3;2;1
USERGRP72;1;1;3;2;1;3;1;2;1;1;1;1;1;2;2;1;1;1;3;1;2;3;3;3;3;1;3;2;3;2;2;2;3;3;3;3;2;2;3;3;1;1;3;3;3;3;1;3;2;1;1;3;2;2;2;2;1;3;1;3;3;1;1;2;2;3;3;3;3;1;3;1;2;3;3;3;1;2;2;3;1;3;2;1;2;1;2;2;2;2;3;3;1;3;2;2;1;1;1;3;1;3;2;3;1;2;1;3
USERGRP73;2;1;3;3;1;1;2;1;2;2;2;1;2;1;2;1;3;3;1;3;1;2;1;3;2;2;1;3;1;2;1;3;1;2;3;3;1;1;1;3;1;1;2;3;1;2;1;3;2;1;2;2;3;2;2;3;3;2;3;1;3;1;1;2;1;2;1;3;3;2;3;2;2;3;3;1;2;2;2;1;2;3;3;3;2;1;3;3;3;3;1;3;2;3;3;3;2;2;1;3;3;3;1;2;1;2;3;1
USERGRP74;2;2;2;3;2;2;1;2;2;3;3;1;2;1;1;3;1;3;2;3;2;1;2;1;1;3;1;2;2;2;3;1;2;3;3;3;3;3;3;3;2;1;3;2;3;3;2;3;2;2;2;2;2;3;1;2;2;3;2;3;2;2;2;3;1;1;3;3;2;1;3;1;2;2;2;2;1;2;1;3;3;3;2;2;3;3;2;1;3;1;1;3;2;3;3;1;1;2;2;1;2;2;2;3;2;2;3;3
USERGRP75;3;3;1;2;1;2;3;1;1;2;1;1;1;2;3;3;2;1;2;2;2;3;2;3;2;2;2;1;1;1;3;1;2;3;1;3;1;1;1;3;1;2;1;3;3;3;2;1;3;2;3;3;1;1;2;2;1;3;2;1;2;2;1;3;2;1;1;2;1;2;1;1;2;1;2;2;3;3;1;2;1;1;1;2;2;1;1;1;2;2;3;1;1;3;3;2;3;3;1;1;3;1;3;1;1;1;1;1
USERGRP76;2;3;1;1;2;2;3;2;1;3;1;1;2;3;2;1;2;3;1;2;3;2;2;2;1;1;1;1;3;1;2;1;3;1;3;1;2;1;3;2;2;2;3;2;1;2;2;1;1;1;3;1;3;2;3;3;2;2;2;2;1;3;3;3;2;3;2;1;2;1;1;3;2;3;3;1;3;1;1;2;3;2;2;1;3;2;1;1;2;2;3;3;1;2;1;2;2;2;3;2;1;1;2;1;3;1;1;3
USERGRP77;3;3;2;2;3;3;3;2;3;1;2;1;1;2;3;2;3;3;2;2;3;3;1;1;3;1;3;3;1;3;2;3;2;3;2;2;2;1;2;1;3;3;1;2;2;2;3;1;2;1;1;1;2;2;2;2;1;1;1;2;2;1;1;3;3;3;2;2;1;2;2;1;2;1;2;2;1;2;2;1;2;1;2;3;3;3;2;2;3;3;1;3;2;3;3;2;1;2;3;2;2;2;3;3;2;2;2;1
USERGRP78;3;2;1;1;1;3;2;3;2;1;1;3;2;3;3;3;1;1;2;1;3;1;1;1;2;1;1;1;3;1;3;3;1;1;2;3;2;1;3;3;3;3;3;2;3;1;1;1;3;3;3;3;3;2;2;3;1;3;2;3;1;3;3;1;3;1;3;2;3;2;3;1;3;2;2;2;2;2;2;1;2;1;2;1;2;2;1;1;1;1;3;1;3;2;1;3;2;1;3;1;1;2;1;3;3;3;1;3
USERGRP79;3;2;1;2;1;2;1;3;1;3;3;2;1;3;2;1;3;2;2;3;2;1;1;1;3;2;2;2;3;3;2;1;1;2;3;1;3;1;2;3;3;1;1;3;2;2;2;1;3;1;1;1;3;2;1;2;1;3;1;2;3;2;2;1;3;3;3;1;3;3;3;2;3;1;3;2;1;2;2;2;1;2;1;1;1;2;2;3;3;3;3;3;3;1;1;3;3;1;2;2;3;2;3;3;2;2;2;3
USERGRP80;2;1;1;1;1;2;2;1;1;1;1;1;2;1;1;2;3;3;3;2;2;1;1;1;2;1;2;2;1;3;1;3;2;2;2;3;3;3;2;1;2;2;2;1;3;3;2;2;1;3;3;3;1;3;3;1;2;3;2;1;3;1;2;3;3;1;1;1;1;3;2;1;2;1;1;1;2;2;2;3;3;1;3;1;2;2;2;1;1;3;1;3;3;2;3;1;1;3;1;3;3;2;3;3;1;1;2;3
USERGRP81;3;2;2;2;3;2;2;3;1;1;1;3;3;2;3;1;3;1;3;3;2;3;2;2;2;1;1;1;2;2;3;2;3;1;2;3;3;2;1;3;1;3;2;3;3;3;3;2;3;2;1;3;2;1;3;1;2;3;3;2;1;1;2;3;3;2;3;2;3;3;1;2;3;3;1;2;2;2;3;3;2;1;3;3;1;3;3;1;3;3;2;1;3;2;2;3;3;1;1;1;1;3;1;3;1;3;3;3
USERGRP82;3;1;1;1;3;2;1;3;3;1;3;1;3;1;3;1;3;3;2;1;1;3;1;2;1;1;3;1;3;3;2;3;2;3;3;3;2;1;2;1;3;1;1;2;1;1;3;2;3;3;2;2;1;2;1;1;2;3;1;1;3;1;3;2;1;1;3;2;2;1;1;3;2;1;2;2;3;3;1;3;3;1;2;2;3;1;3;3;3;2;3;2;2;3;2;1;3;1;2;2;2;1;3;3;3;3;3;1
USERGRP83;1;3;1;1;1;2;2;3;1;3;2;2;2;2;3;3;1;1;1;3;2;2;2;1;2;1;3;2;2;3;2;2;1;1;3;2;1;1;1;1;2;2;1;3;2;1;2;1;3;1;1;2;2;3;2;3;2;1;1;3;2;2;3;2;1;3;3;2;1;3;1;3;3;2;2;3;3;2;3;1;3;2;2;1;2;2;1;3;3;1;2;2;3;2;1;1;3;3;3;1;2;1;1;2;3;3;3;1
USERGRP84;2;1;1;1;1;1;2;3;1;2;2;2;1;3;2;3;2;1;1;3;3;2;2;3;3;3;2;3;3;2;3;2;3;1;1;3;3;2;3;3;2;3;2;1;2;2;2;1;2;3;3;1;3;3;3;2;1;1;2;2;2;2;3;1;1;1;1;1;1;1;3;1;2;3;1;1;3;1;1;1;3;2;2;2;1;2;3;1;1;2;1;2;2;2;3;2;3;3;3;3;3;3;2;2;2;1;1;1
USERGRP85;3;2;3;1;1;3;1;3;2;2;1;2;1;3;2;2;1;1;1;2;2;1;1;2;2;2;1;3;1;2;1;1;2;3;3;3;1;3;3;2;3;1;1;1;3;3;2;3;3;1;3;3;3;1;2;3;2;3;3;2;1;2;1;1;3;2;2;2;2;2;2;3;1;1;2;3;1;2;2;3;1;3;1;2;2;2;1;3;1;3;2;3;2;3;2;3;3;1;3;1;2;1;3;1;1;3;1;3
USERGRP86;1;2;3;1;1;1;2;1;1;1;1;1;3;2;3;3;2;1;1;2;2;1;3;1;2;3;2;3;3;1;1;1;3;1;2;1;1;2;2;2;2;3;1;1;1;1;3;2;2;3;1;2;1;1;3;1;2;2;1;2;3;1;2;3;3;3;1;2;2;1;2;1;3;3;2;3;2;3;1;1;2;3;3;3;1;1;3;3;1;2;1;2;3;2;2;2;1;1;3;1;1;3;2;2;2;3;2;2
USERGRP87;3;1;2;3;2;1;2;1;1;2;1;2;3;3;2;1;2;1;3;1;2;3;2;1;1;1;2;2;1;1;3;1;3;2;3;1;1;2;2;2;2;3;3;3;1;2;1;1;2;1;3;1;2;3;3;3;1;3;3;3;3;2;3;1;1;1;2;3;3;1;3;3;2;2;2;1;2;1;2;1;2;1;1;1;3;1;1;1;2;2;2;3;1;1;2;3;2;3;3;2;1;2;3;1;1;3;2;1
USERGRP88;1;1;3;1;3;1;2;2;3;3;2;2;1;2;1;3;3;1;1;3;2;3;2;3;2;3;1;1;2;2;2;1;1;2;2;1;2;1;1;1;3;1;3;1;3;1;1;2;3;3;1;2;3;3;1;2;3;1;3;1;2;1;3;3;3;3;2;1;2;1;1;2;2;3;3;1;2;3;1;3;1;1;1;2;1;2;1;3;2;2;1;2;2;1;2;3;2;2;2;1;3;1;1;1;3;1;1;1
USERGRP89;3;3;2;1;1;1;3;2;2;2;1;2;3;2;2;1;1;1;3;1;1;3;3;2;3;3;1;2;3;2;3;2;3;1;3;2;3;1;3;1;2;1;3;1;3;2;3;1;2;1;2;3;2;1;3;1;3;1;1;1;2;1;1;1;1;3;2;3;3;3;1;3;2;1;1;1;1;2;2;2;3;2;1;3;3;1;3;2;1;3;2;3;2;3;3;1;2;1;2;1;1;3;3;1;2;1;1;3
USERGRP90;2;3;3;1;2;2;2;2;1;2;3;1;3;2;3;2;2;2;2;3;3;2;2;2;1;3;1;3;3;1;3;3;1;2;2;2;2;1;1;1;1;1;3;2;1;1;1;3;2;1;1;1;2;3;3;2;3;2;2;3;2;3;1;1;2;2;2;1;2;1;3;3;3;2;1;1;3;2;3;3;3;2;1;3;2;1;2;2;3;3;2;3;1;2;2;1;3;2;2;1;3;1;3;1;2;3;2;1
USERGRP91;2;3;1;2;3;1;3;3;3;2;3;1;1;2;3;1;1;2;3;2;1;1;2;3;3;2;2;3;1;3;3;3;3;1;1;3;2;1;1;2;1;1;2;3;3;2;1;2;3;1;1;1;2;3;1;3;2;2;1;3;1;2;1;2;3;1;2;2;1;2;3;3;2;2;3;1;1;1;3;3;2;3;1;3;2;2;3;2;3;2;1;2;1;2;1;1;1;1;3;2;2;2;1;3;3;2;3;2
USERGRP92;1;2;1;2;3;1;3;3;1;1;2;3;2;3;3;1;2;1;3;2;2;2;3;2;3;3;1;3;1;1;2;3;2;3;3;3;3;2;2;1;3;3;1;1;1;2;2;2;3;1;2;1;1;1;1;1;3;3;3;3;2;2;2;1;3;3;1;3;1;2;2;2;2;2;2;1;3;2;2;3;1;2;1;1;1;1;2;1;3;3;2;2;1;3;3;1;1;2;2;3;3;2;3;2;1;1;1;3
USERGRP93;1;1;3;2;1;1;3;1;3;3;3;1;1;1;1;2;2;2;2;3;2;3;2;2;3;1;2;1;1;3;1;3;2;1;1;1;2;2;1;2;2;3;1;2;1;2;1;2;3;3;2;3;3;3;1;3;3;3;1;3;3;3;2;3;1;1;3;2;1;3;3;3;3;3;1;1;2;3;1;3;1;2;1;3;3;2;3;1;3;1;3;1;2;1;2;1;1;3;2;2;3;3;1;1;2;1;2;3
USERGRP94;1;3;1;1;1;2;2;2;2;3;3;2;1;3;3;3;2;2;1;2;3;2;3;1;1;1;2;3;1;1;2;3;2;2;3;3;2;2;3;2;3;1;1;2;2;3;3;3;3;3;3;3;2;3;1;1;1;1;2;2;1;2;3;1;3;1;1;3;1;2;1;2;2;1;2;1;1;2;3;1;3;2;1;1;1;1;2;2;2;1;3;2;1;3;1;1;2;2;3;1;3;1;3;2;2;1;2;3
USERGRP95;1;1;1;2;1;1;3;2;1;3;1;1;2;1;2;3;2;1;3;1;2;3;3;1;2;3;1;2;2;2;1;1;3;2;2;3;2;3;3;2;2;1;1;3;1;2;1;2;3;3;2;3;1;3;3;2;3;1;3;1;1;3;1;3;3;2;2;2;2;2;2;1;2;2;1;1;2;1;3;2;1;1;3;1;2;3;3;1;2;2;2;2;1;2;1;3;3;1;3;1;3;2;2;2;2;2;1;3
USERGRP96;1;3;2;2;2;2;1;3;2;1;1;1;3;2;3;3;3;3;3;3;1;1;1;2;2;2;3;1;3;1;1;2;2;1;3;2;1;2;2;2;3;1;3;1;3;1;1;2;2;3;3;1;1;2;1;2;3;3;3;1;1;1;1;3;2;2;2;1;2;1;2;2;2;1;2;2;3;1;3;1;3;2;2;2;1;2;1;2;3;3;2;2;3;2;2;1;1;3;2;2;3;3;1;2;2;1;2;2
USERGRP97;1;2;3;2;2;3;3;2;3;2;3;2;1;1;1;1;3;1;2;1;3;3;3;2;3;3;2;1;2;3;2;1;1;3;2;3;3;1;3;2;3;2;3;3;2;3;2;1;1;2;3;1;3;3;1;1;2;3;2;1;1;3;1;2;2;3;2;3;2;3;3;2;3;3;1;2;3;3;3;3;1;1;1;1;2;3;2;2;2;3;3;1;1;1;1;3;1;3;2;2;3;2;1;3;2;3;2;3
USERGRP98;3;2;3;1;2;3;2;2;2;3;3;3;1;2;2;3;1;1;1;1;1;3;2;1;2;3;3;3;2;2;2;2;3;1;1;2;3;2;3;1;2;1;1;1;1;2;1;2;2;1;3;2;1;2;1;1;3;3;2;1;1;3;3;2;3;2;2;1;3;3;1;1;3;2;1;1;2;3;1;3;1;2;2;1;1;2;1;2;1;1;2;2;3;2;1;2;3;1;3;2;3;1;2;2;1;3;3;3
USERGRP99;3;1;2;3;2;1;2;3;2;2;2;2;1;2;1;1;2;2;2;2;2;3;1;2;2;3;3;1;3;1;2;3;3;3;1;1;3;3;3;3;1;2;3;2;3;3;3;1;2;3;3;2;1;1;1;3;1;3;1;3;2;2;2;1;2;3;2;2;3;1;1;1;3;3;1;3;2;2;3;3;3;3;1;2;2;3;2;1;3;1;1;2;3;3;2;3;1;3;1;2;3;3;3;1;1;3;2;1
USERGRP100;2;2;2;3;3;3;3;3;2;2;3;2;1;1;2;2;2;3;1;1;2;1;2;2;3;2;3;2;2;1;1;1;2;1;2;2;3;1;1;3;3;2;3;1;1;2;2;1;3;1;2;2;2;2;1;3;1;2;2;3;2;2;3;1;2;3;2;3;1;1;1;2;1;2;1;3;1;1;3;1;1;2;1;1;2;1;2;1;1;3;2;3;3;3;1;3;2;2;1;2;1;3;3;2;3;2;3;2
USERGRP101;2;1;3;1;2;1;2;2;3;3;2;2;2;3;2;2;2;1;2;1;3;1;1;2;2;2;1;3;3;1;1;2;2;3;2;2;2;1;3;3;3;2;3;3;2;1;1;2;1;3;1;2;1;1;2;3;1;2;3;1;1;3;3;2;1;1;1;2;1;3;3;1;3;1;1;3;3;2;2;1;1;1;1;3;2;3;2;2;2;2;1;2;1;2;2;1;1;1;3;1;2;3;3;3;3;2;2;2
USERGRP102;2;1;2;1;2;1;1;2;2;3;2;2;3;3;2;3;2;3;1;1;2;2;2;3;1;2;2;3;2;3;2;2;1;1;1;2;3;1;1;2;1;2;3;3;1;3;3;3;3;2;2;1;3;2;1;3;1;3;2;2;1;1;3;2;1;1;1;3;1;3;1;2;1;1;1;3;3;2;1;2;2;3;1;3;3;1;1;3;2;2;2;3;3;1;1;3;3;2;3;2;3;3;1;2;3;3;2;3
USERGRP103;2;3;1;1;2;2;1;2;3;1;2;2;2;2;3;2;1;1;1;1;3;3;2;2;1;3;2;1;3;2;1;2;3;1;2;2;1;2;2;2;1;3;1;1;2;1;2;1;1;2;2;3;1;1;1;3;2;2;2;2;3;3;1;2;2;3;1;3;2;2;1;3;3;1;3;2;1;1;2;3;1;1;3;1;2;1;2;3;2;3;1;2;3;1;2;1;2;1;3;1;2;2;2;3;2;2;3;1
USERGRP104;1;2;2;3;3;3;2;3;1;3;2;3;3;2;2;3;2;2;1;2;3;2;3;3;2;2;3;2;3;2;2;3;2;2;2;2;1;2;3;2;1;3;3;2;1;3;2;2;3;2;3;1;3;3;2;2;2;3;2;3;1;2;2;3;2;3;3;3;3;3;3;3;2;1;1;1;1;2;3;3;3;3;2;1;3;3;1;1;1;2;2;3;1;1;3;3;3;2;1;2;2;1;1;1;1;3;2;2
USERGRP105;3;2;3;3;1;3;1;2;3;2;2;1;2;3;3;1;3;3;1;2;3;1;3;2;1;2;3;1;2;3;1;1;3;1;2;3;3;3;3;2;3;1;3;3;3;2;3;3;2;2;3;1;1;3;2;2;1;2;3;3;1;2;3;1;2;1;1;1;3;1;1;1;1;1;2;3;3;2;2;3;3;2;2;3;1;1;3;3;1;3;3;3;2;1;1;1;1;3;1;3;2;2;1;1;2;2;2;3
USERGRP106;3;3;1;1;2;3;1;3;3;1;2;3;2;3;1;1;3;1;1;3;2;1;2;1;2;1;1;2;2;3;3;2;1;2;1;2;1;2;2;2;1;2;3;1;1;3;1;2;3;3;1;3;2;3;3;3;3;1;1;3;1;3;3;3;3;2;2;1;3;2;2;1;2;2;2;3;1;3;1;1;1;2;2;2;3;2;1;3;3;1;2;2;1;2;2;2;1;2;1;2;3;3;2;3;1;1;2;2
USERGRP107;2;3;1;2;3;3;2;2;2;3;1;3;1;3;1;1;3;1;1;1;3;3;2;2;3;1;3;1;2;2;3;2;1;3;2;1;3;3;3;2;1;3;3;2;3;1;3;1;2;2;3;3;3;3;3;1;2;3;2;1;2;2;2;3;3;2;3;2;2;2;2;3;1;3;1;1;3;3;2;1;2;1;2;3;3;1;3;1;1;3;2;3;1;3;2;3;3;1;2;3;2;1;1;1;1;3;3;1
USERGRP108;3;1;1;3;3;2;1;2;3;1;2;1;3;3;1;1;2;2;2;1;1;3;2;3;1;3;1;1;3;1;1;1;2;3;2;1;1;2;2;1;1;3;2;1;1;3;3;3;1;1;1;1;1;2;2;1;2;3;1;3;2;2;3;2;3;3;2;1;2;3;1;3;1;1;2;1;2;1;3;2;1;1;1;1;2;1;1;3;2;3;2;2;3;1;2;1;1;3;2;3;1;3;2;3;2;3;2;1
USERGRP109;3;2;1;1;3;3;2;1;1;3;1;1;3;2;3;2;1;1;3;1;2;3;2;1;3;1;1;2;2;3;1;3;3;2;3;3;3;1;1;2;2;3;1;2;3;2;1;1;1;3;1;1;3;2;2;3;3;3;3;1;3;3;3;2;2;2;3;3;3;2;2;2;3;1;2;2;1;3;1;2;3;1;2;3;3;2;2;3;2;1;2;2;2;2;2;1;1;2;1;1;2;2;2;1;2;3;2;1
USERGRP110;3;1;1;2;1;3;1;3;1;3;3;3;3;1;1;2;2;2;1;1;1;3;3;2;3;2;2;2;3;1;1;1;2;3;3;2;3;1;1;1;2;1;1;3;1;3;2;1;1;2;2;3;3;3;2;1;3;2;2;2;1;1;3;1;3;2;2;1;1;2;3;1;1;1;3;2;1;3;2;1;3;3;2;3;1;2;1;2;1;2;2;1;1;2;3;3;3;3;3;2;2;3;2;2;2;2;2;3
USERGRP111;1;3;2;3;1;1;2;2;1;1;3;2;2;2;2;3;3;2;1;3;1;1;2;2;2;3;1;2;1;1;2;2;3;1;3;1;1;3;3;3;2;1;2;1;3;2;1;2;2;1;3;1;2;2;2;1;3;1;1;2;3;3;2;2;1;1;3;2;1;1;3;3;1;1;2;3;1;3;2;3;3;3;3;3;1;1;2;2;3;3;1;3;2;3;1;1;2;3;3;3;3;3;1;1;3;2;1;2
USERGRP112;2;2;1;1;3;1;1;3;3;1;2;1;1;1;1;1;3;1;2;3;2;1;2;3;2;2;3;3;2;2;3;1;1;1;1;3;1;1;2;1;2;3;2;2;2;3;2;2;1;2;2;2;1;1;3;2;2;1;2;3;1;3;1;2;1;1;3;3;1;1;3;3;1;1;1;1;2;1;3;1;1;1;3;3;1;2;1;1;1;3;1;3;1;1;1;3;1;2;2;1;3;1;2;2;1;3;1;1
USERGRP113;3;2;3;2;2;1;3;3;3;1;3;1;1;1;1;1;3;2;3;1;1;3;1;2;2;2;2;1;2;1;3;1;2;2;3;3;2;2;3;3;3;3;2;1;1;3;3;2;3;3;1;3;2;3;3;3;3;3;2;2;2;3;1;3;1;2;1;2;1;2;1;3;1;3;1;3;3;3;1;3;3;2;3;3;1;3;1;2;1;2;2;1;2;3;1;2;1;1;1;1;1;1;2;2;1;2;1;2
USERGRP114;2;2;1;1;3;3;2;3;1;2;3;1;3;2;3;3;1;1;3;1;1;2;2;1;2;3;2;1;1;3;1;2;3;1;1;2;1;3;2;1;2;1;2;1;2;1;3;3;1;1;1;2;2;3;2;3;1;2;2;1;2;2;1;3;2;1;1;2;2;3;3;2;2;3;1;1;2;2;3;2;2;1;1;1;3;3;2;1;1;1;1;2;3;1;3;1;2;1;1;1;1;2;3;2;1;2;1;2
USERGRP115;1;3;1;3;3;1;1;1;3;3;2;3;1;1;1;2;2;2;1;2;2;1;3;2;1;1;2;1;1;2;3;1;2;2;3;3;1;1;2;1;1;3;3;3;3;3;2;1;3;1;3;1;2;3;3;3;2;2;3;3;3;1;1;3;1;3;1;1;1;3;3;1;3;3;3;1;2;2;2;2;1;1;2;1;3;2;3;3;3;2;2;2;1;1;1;1;3;3;1;1;1;1;2;1;1;2;3;3
USERGRP116;2;1;3;2;2;2;2;2;1;1;3;3;2;1;1;1;1;3;1;1;1;1;2;1;2;1;2;3;1;1;2;2;2;1;3;1;1;3;3;2;3;1;3;2;3;3;1;1;1;2;2;1;3;1;1;1;1;1;1;1;2;1;2;1;2;1;3;3;3;3;3;3;2;3;1;1;1;3;1;3;1;1;1;1;2;3;1;1;2;2;1;2;3;1;2;1;2;1;2;2;1;3;3;1;3;1;1;2
USERGRP117;1;2;1;2;3;2;3;3;2;1;2;2;2;1;2;2;2;1;1;3;2;3;3;1;1;1;2;2;2;2;3;1;2;1;3;2;2;2;3;1;3;2;3;2;3;1;1;2;2;1;3;1;2;1;2;1;3;2;1;3;2;3;2;2;1;2;1;3;2;2;3;3;3;2;3;1;1;2;2;1;3;2;2;2;3;3;3;2;2;1;1;3;2;1;3;3;1;1;2;1;2;2;2;1;1;1;3;2
USERGRP118;2;1;1;2;2;2;3;2;3;3;3;3;1;1;1;3;1;1;3;3;1;2;1;3;2;3;3;3;1;3;1;3;2;2;3;1;1;3;2;1;3;2;2;3;1;3;3;1;1;1;3;2;3;1;3;2;2;2;1;3;1;2;1;2;2;3;3;3;2;1;3;2;1;3;2;3;2;1;2;1;1;2;1;2;2;1;2;3;1;2;3;1;2;3;3;2;1;3;1;2;1;2;2;2;3;2;3;3
USERGRP119;3;1;1;3;3;1;3;2;3;1;2;2;2;1;2;3;3;2;2;2;2;2;3;2;2;1;1;3;1;2;3;3;1;3;2;2;2;2;3;2;3;1;2;2;2;1;2;1;1;3;3;3;1;1;1;3;3;2;1;2;1;1;2;2;2;2;3;3;3;1;2;3;2;2;3;1;3;1;1;2;2;3;3;2;3;1;2;1;2;1;3;1;1;3;2;1;1;1;1;2;1;1;3;3;1;2;3;2
USERGRP120;1;2;1;3;2;3;3;1;1;3;1;3;3;3;1;3;2;3;3;3;3;1;3;2;2;3;2;2;1;3;3;1;1;3;3;2;1;1;3;1;3;1;2;2;2;2;1;3;3;2;2;1;3;3;1;3;2;2;1;1;2;1;1;3;3;1;1;1;3;1;1;2;2;1;2;1;2;2;3;3;3;2;1;3;2;3;1;2;1;1;2;1;3;2;1;3;3;1;1;2;1;1;1;2;2;2;2;1
USERGRP121;3;3;3;1;3;3;2;2;3;3;2;3;1;2;3;1;3;3;3;3;3;1;1;1;2;2;3;3;3;1;3;2;3;3;3;2;1;3;3;2;2;3;2;3;1;2;2;1;2;1;3;3;3;3;1;3;2;1;3;3;3;3;1;1;3;3;2;2;3;2;3;1;2;2;3;1;1;1;3;2;3;3;3;3;2;1;1;3;1;1;3;2;3;3;1;1;1;1;3;3;2;2;2;1;2;3;2;3
USERGRP122;1;3;3;1;1;3;3;1;3;3;2;3;2;3;2;3;2;3;1;1;1;3;1;1;2;2;2;1;2;2;1;1;2;2;1;3;3;1;1;3;2;1;2;1;1;1;3;2;2;3;1;2;1;3;1;3;3;2;2;1;2;2;1;1;3;3;2;2;3;2;2;3;1;1;3;1;1;2;2;2;2;3;2;1;2;3;1;2;2;2;2;2;1;3;1;1;1;3;3;3;1;2;3;3;3;3;1;1
USERGRP123;2;3;1;3;1;2;2;3;1;1;2;2;3;1;1;2;1;2;2;2;1;1;3;2;1;3;2;2;2;3;1;1;1;1;1;3;3;2;3;3;2;3;2;1;1;2;3;1;1;2;1;1;2;2;2;3;2;2;2;2;2;1;1;1;1;3;2;3;2;3;2;2;2;3;2;3;1;1;3;1;3;2;2;1;2;3;1;3;3;2;3;2;2;2;3;1;1;3;1;2;3;1;2;1;2;1;2;1
USERGRP124;2;2;3;3;1;3;1;2;3;2;2;1;2;2;2;1;3;3;1;2;1;1;2;1;1;3;1;1;2;3;2;1;1;1;2;2;1;3;3;1;2;3;2;1;1;2;1;1;3;1;1;2;2;1;3;2;3;3;1;3;1;1;2;3;2;2;2;3;3;3;2;2;2;2;3;2;2;2;1;3;1;2;2;3;2;1;1;2;1;1;2;3;1;2;1;2;1;2;3;3;3;1;2;2;1;2;2;3
USERGRP125;1;1;2;1;2;1;3;1;2;2;2;1;2;3;2;1;2;1;2;1;2;2;2;1;3;3;2;3;2;3;2;2;3;3;3;3;3;3;1;2;1;3;2;3;2;1;2;3;1;1;1;3;2;3;1;1;2;2;3;2;2;2;3;3;2;1;3;3;2;1;3;2;3;3;3;2;3;2;2;2;1;2;2;2;2;2;1;1;1;1;3;3;1;1;2;1;3;3;3;2;3;1;3;3;2;1;3;2
USERGRP126;2;1;2;2;2;2;1;3;1;3;3;3;1;2;2;1;3;3;2;3;2;3;3;3;3;1;2;3;2;3;3;3;1;3;1;3;3;3;1;1;1;3;2;2;1;2;1;1;1;1;3;3;1;1;1;3;2;2;1;1;1;2;2;1;3;3;3;2;1;3;2;1;2;3;2;2;1;1;2;3;3;2;3;1;1;1;1;2;3;2;1;2;3;2;2;2;2;2;2;3;3;3;2;1;2;1;2;2
USERGRP127;3;2;3;1;1;1;2;3;1;2;2;1;1;1;3;2;1;3;2;3;1;3;3;3;2;1;2;2;1;1;1;2;1;3;3;1;2;1;2;3;2;2;2;2;1;2;3;1;3;2;3;3;3;2;2;1;3;1;1;3;1;3;3;3;1;2;1;1;2;1;3;2;1;3;3;1;1;2;1;1;1;3;3;1;2;2;2;3;1;2;3;2;2;2;3;3;3;3;2;1;3;2;1;1;2;2;3;3
USERGRP128;3;1;2;1;3;3;1;3;3;1;1;1;1;1;1;2;1;2;3;2;2;3;3;3;3;2;3;1;3;3;2;2;3;3;3;3;2;3;3;3;1;2;2;1;2;2;1;3;2;2;2;2;2;3;2;2;2;3;1;2;2;3;3;2;2;1;1;1;3;1;3;1;2;2;1;1;1;3;3;2;2;2;3;1;3;3;1;3;2;3;3;3;1;2;1;1;2;3;2;1;2;1;3;3;2;1;1;1
USERGRP129;2;3;2;2;1;2;3;3;2;3;3;2;2;1;1;2;2;2;2;1;2;1;1;2;1;2;3;3;3;3;2;3;1;1;2;1;2;3;2;2;3;2;1;1;1;1;3;3;2;3;1;1;3;3;1;3;3;1;3;3;2;1;2;1;1;3;2;2;3;2;2;1;3;3;2;3;1;1;3;1;1;3;2;3;1;3;3;1;1;3;1;3;1;2;3;2;3;2;3;2;3;3;1;3;2;1;2;2
USERGRP130;3;1;3;3;1;1;3;3;2;2;2;3;3;3;1;1;1;2;1;2;3;3;3;2;3;2;2;3;2;1;2;2;3;1;2;3;1;1;3;2;1;3;3;1;1;2;1;3;1;1;2;1;1;1;2;1;3;1;1;3;1;1;2;3;3;2;1;1;1;3;3;2;3;2;1;2;3;1;2;1;1;2;2;2;1;3;3;3;3;2;2;3;1;3;1;2;1;2;2;3;2;3;2;1;1;3;3;2
USERGRP131;3;2;1;2;3;3;3;1;2;3;1;2;1;1;3;1;2;3;3;1;3;3;3;1;1;3;2;3;1;3;3;3;1;3;1;2;2;2;1;2;1;3;1;1;3;1;1;2;1;3;1;2;1;3;3;3;2;1;3;2;3;1;1;3;2;3;3;3;2;3;3;1;1;1;1;1;3;1;3;1;2;1;1;1;2;2;1;1;2;1;3;3;2;2;2;3;1;1;2;1;3;3;2;2;1;1;3;1
USERGRP132;3;2;3;2;2;1;3;2;1;1;1;1;2;3;3;3;3;3;3;1;1;2;1;1;3;1;3;1;3;2;2;1;1;1;1;1;1;2;2;2;1;2;2;2;3;1;2;1;2;1;2;3;2;3;3;1;3;2;2;2;3;2;3;2;2;2;3;1;3;3;1;3;1;1;1;2;3;2;2;2;1;2;3;1;2;2;3;3;1;1;3;2;1;3;2;1;1;2;3;3;2;2;3;3;3;1;1;1
USERGRP133;1;1;2;2;1;1;1;1;2;2;3;1;1;1;2;1;2;1;2;2;1;1;2;3;2;1;1;1;1;3;3;1;1;1;1;1;1;3;1;2;3;3;1;2;1;2;2;1;3;2;2;2;3;1;3;2;3;1;1;1;3;3;1;3;2;1;1;2;3;2;2;1;3;2;3;2;2;3;3;3;1;2;3;3;1;1;2;2;3;3;1;3;3;2;1;3;2;2;2;1;3;2;3;1;2;1;1;3
USERGRP134;3;2;2;3;3;3;2;2;1;3;3;1;3;3;3;2;2;2;1;3;1;1;3;2;1;1;1;2;3;2;3;3;3;3;2;2;1;2;1;1;1;1;3;1;2;3;2;3;3;3;2;2;1;3;1;3;3;3;1;2;2;2;2;1;2;3;1;3;2;2;1;2;1;2;1;1;3;3;1;1;2;1;2;3;2;2;1;3;1;2;1;1;1;3;3;3;1;2;3;3;3;2;2;1;3;3;2;2
USERGRP135;1;3;3;1;1;1;1;1;2;1;2;2;3;1;2;3;3;1;2;1;3;1;3;1;1;3;2;1;1;2;3;3;3;1;2;3;1;1;1;2;3;3;1;1;1;1;3;2;2;2;1;3;2;1;1;2;1;1;3;2;3;1;2;3;3;2;1;2;1;1;3;2;1;3;2;2;1;2;1;1;3;3;3;1;3;1;3;3;3;1;3;2;2;1;3;3;1;1;1;2;2;2;2;1;1;1;3;3
USERGRP136;1;3;1;2;1;2;3;1;2;1;1;1;3;1;3;3;2;1;3;1;1;1;1;1;1;2;2;1;2;3;2;2;3;1;3;2;2;3;1;3;2;2;1;2;1;3;1;2;3;3;2;3;1;3;2;2;1;2;3;3;3;2;1;3;1;2;1;3;2;1;2;2;1;1;1;1;2;2;2;2;1;2;2;1;3;1;2;2;2;2;2;2;1;3;2;1;1;1;2;1;2;2;1;1;3;1;2;3
USERGRP137;1;3;3;2;1;1;1;1;2;2;1;1;2;2;3;3;3;3;1;2;2;1;2;3;1;3;1;1;3;2;2;1;2;1;2;1;1;1;1;1;2;3;2;3;1;1;1;1;2;2;2;2;1;1;2;1;2;2;2;3;2;3;1;3;3;2;3;1;2;3;2;1;2;2;3;3;1;1;2;1;1;3;3;2;3;2;2;1;1;1;3;1;1;2;2;1;2;3;3;3;2;3;1;1;1;3;3;2
USERGRP138;1;3;2;1;1;2;2;2;2;1;2;1;1;3;1;3;1;3;1;3;2;2;2;2;3;2;3;3;3;3;2;1;1;3;2;2;2;1;3;2;1;1;2;2;2;2;2;2;2;1;2;1;3;3;2;3;2;1;2;1;2;2;3;2;1;1;3;2;2;3;3;2;3;2;2;3;2;3;3;3;1;2;1;1;1;1;3;3;2;2;3;3;1;1;2;2;2;1;1;3;2;2;2;2;2;3;3;2
USERGRP139;3;3;1;1;3;3;2;2;2;1;1;1;3;1;3;2;3;2;3;3;2;1;2;1;3;2;1;2;1;3;2;3;3;2;3;1;1;1;3;1;3;1;3;3;2;3;2;2;1;3;2;1;3;2;2;1;2;1;3;1;1;1;3;3;2;3;1;2;3;3;2;3;3;2;3;1;2;1;2;3;3;1;1;3;2;2;1;3;3;2;3;2;2;1;2;3;3;1;2;3;2;3;3;1;3;3;3;2
USERGRP140;2;1;2;2;3;1;3;3;3;1;1;2;2;2;2;3;3;1;3;2;3;3;3;2;1;3;3;1;1;2;3;3;3;2;1;1;3;2;2;3;2;3;2;1;2;1;2;2;3;3;1;3;3;3;1;2;3;1;1;1;1;1;1;2;1;2;2;2;1;2;2;1;2;1;3;3;1;3;2;2;2;3;1;3;3;2;2;3;3;1;2;2;3;2;1;1;3;1;1;2;2;3;3;3;3;3;3;1
USERGRP141;1;3;3;3;3;3;3;1;1;2;3;1;3;2;3;3;1;2;1;1;1;1;1;2;2;1;1;3;1;2;1;3;1;3;1;1;1;2;1;2;3;1;3;3;3;2;1;1;1;1;3;2;2;3;3;1;3;3;2;2;3;2;2;1;2;1;2;3;1;3;3;2;3;2;1;1;2;2;1;2;2;3;2;3;1;2;2;3;1;3;2;3;3;1;2;3;1;2;2;2;1;2;1;3;3;1;2;3
USERGRP142;2;2;2;1;2;3;1;3;3;1;2;3;2;1;1;2;2;2;1;2;1;3;2;3;1;1;3;2;2;3;1;3;2;2;3;1;1;2;2;3;2;3;1;3;1;2;2;2;3;3;1;3;3;3;2;1;2;3;1;2;1;2;1;2;2;2;3;3;3;2;3;3;2;2;2;2;2;3;3;1;3;2;1;2;3;3;2;2;3;1;3;1;3;3;3;2;1;1;2;3;2;2;2;3;2;1;2;1
USERGRP143;2;3;2;1;2;1;2;1;3;1;2;3;2;3;1;3;3;3;3;2;2;1;1;3;3;2;1;2;2;1;3;1;1;3;3;2;2;2;2;2;1;1;2;3;1;3;2;2;3;2;2;3;2;3;3;2;1;2;3;3;1;1;3;2;2;2;3;3;3;2;2;3;2;3;3;2;3;1;3;3;3;1;3;3;1;2;2;2;3;1;3;3;3;3;1;2;3;3;3;3;3;1;2;2;2;2;1;2
USERGRP144;2;3;3;1;3;3;1;1;2;3;1;1;1;1;2;2;3;1;2;3;2;3;1;3;2;2;1;2;2;3;1;2;2;1;2;1;2;3;2;1;3;3;1;1;3;1;1;1;1;2;2;1;1;2;1;2;3;1;1;2;2;3;3;2;1;3;1;3;2;1;1;2;3;3;3;1;2;2;1;1;3;2;3;1;3;1;1;2;2;1;3;3;3;1;1;1;2;3;2;1;1;2;3;1;1;1;1;2
USERGRP145;3;2;2;3;2;1;2;1;3;2;3;1;3;3;1;2;3;1;1;3;3;1;3;1;2;2;3;3;3;2;3;3;2;1;2;2;2;3;1;3;2;2;3;2;1;1;2;1;1;2;3;1;2;1;2;3;3;1;2;2;3;1;1;2;3;2;3;3;3;3;2;2;1;3;3;2;3;2;1;1;2;1;1;3;1;1;1;2;2;3;1;2;3;1;2;3;1;2;2;1;2;1;1;1;1;2;2;1
USERGRP146;1;2;2;3;1;3;3;2;3;3;2;1;1;2;2;1;1;1;3;2;3;3;2;1;3;3;2;1;1;3;3;1;3;3;3;2;1;3;3;2;1;3;1;3;1;1;3;1;3;1;3;1;3;2;1;2;1;1;1;2;3;2;1;2;2;3;3;1;3;2;3;1;2;2;2;1;3;1;1;2;1;2;2;2;2;3;2;2;1;3;1;3;3;1;1;2;1;1;1;3;2;3;3;2;1;3;2;2
USERGRP147;2;3;3;2;3;2;2;2;3;1;2;3;2;3;2;1;1;3;1;3;1;2;3;1;3;2;1;3;3;3;1;2;2;2;3;2;2;3;1;1;2;3;2;2;2;2;3;2;2;3;3;2;1;2;1;2;1;2;1;3;3;1;2;2;1;3;3;2;3;1;3;3;3;1;2;1;3;1;1;1;2;2;3;3;2;2;1;1;2;3;3;1;3;1;1;3;2;2;3;2;3;1;2;3;2;1;3;1
USERGRP148;2;2;1;1;3;3;3;2;3;3;1;1;2;1;3;2;3;1;3;2;2;1;2;2;2;2;3;1;2;1;1;3;3;1;2;2;2;2;2;3;2;1;2;2;3;2;2;2;2;2;2;2;3;2;1;3;3;3;3;3;1;1;2;3;3;2;3;1;1;2;2;3;3;3;3;1;3;3;2;2;3;1;1;3;3;3;2;2;3;3;3;2;3;3;3;2;3;3;1;3;2;1;1;2;1;1;2;3
USERGRP149;2;1;3;1;2;1;1;3;1;1;1;2;1;3;3;1;2;2;2;3;3;2;2;2;3;2;2;1;2;2;1;3;2;3;3;1;1;3;2;1;3;3;1;1;1;2;3;1;1;1;3;3;3;3;1;1;3;3;2;3;2;1;1;3;3;2;1;3;2;3;1;1;2;1;1;3;1;2;1;3;2;2;3;3;2;2;2;2;2;2;1;2;1;3;2;3;1;1;1;2;2;2;3;1;2;2;3;3
USERGRP150;3;1;1;1;1;2;2;2;3;1;1;2;3;2;1;3;3;1;3;1;3;3;2;2;3;3;2;2;2;2;3;2;3;2;1;2;3;2;2;2;3;2;2;1;2;2;2;2;2;3;2;3;1;1;2;3;2;2;3;2;1;1;2;1;1;2;2;3;1;3;1;3;2;3;3;3;1;1;2;3;1;2;3;2;3;2;3;3;2;2;1;2;1;2;3;1;2;1;1;3;3;3;1;1;3;1;1;3
USERGRP151;2;2;3;2;1;3;3;2;3;2;2;1;1;3;1;2;1;1;2;3;3;1;3;3;3;3;1;3;1;2;3;2;3;2;1;2;1;3;2;3;1;3;1;3;2;3;1;1;1;1;1;1;1;3;2;3;1;1;2;3;1;3;1;1;2;2;1;1;2;3;1;2;2;2;1;3;3;2;1;2;1;2;3;3;3;1;2;3;1;2;2;1;3;1;1;1;1;3;2;2;1;3;2;1;1;2;3;3
USERGRP152;1;1;1;3;3;3;1;1;1;2;1;2;2;2;2;3;2;3;1;3;1;1;1;2;3;2;3;1;3;2;3;1;1;1;3;3;3;1;3;2;2;1;3;3;2;1;3;3;2;2;2;1;2;2;1;2;3;2;1;3;1;1;3;3;1;2;1;2;3;3;1;2;1;2;3;1;1;2;2;3;1;3;2;3;2;1;3;3;1;1;1;1;1;1;2;2;1;2;3;2;1;2;2;1;3;2;3;3
USERGRP153;3;2;2;2;1;3;2;2;1;2;1;1;1;1;3;3;3;3;1;1;2;3;2;3;2;2;2;1;1;3;1;3;2;1;1;2;1;1;1;3;2;1;1;1;2;2;2;1;1;2;1;3;1;1;3;1;2;2;2;3;3;3;1;3;1;3;2;3;3;2;3;3;2;3;1;2;3;2;3;2;1;3;1;2;3;2;3;1;3;1;3;2;3;3;3;1;3;3;3;3;2;3;2;2;2;2;2;2
USERGRP154;2;1;3;2;2;3;3;3;2;2;2;2;3;1;2;3;2;3;1;2;2;3;2;2;3;2;3;3;2;3;1;2;2;1;1;3;3;1;3;2;2;3;1;2;2;1;1;3;1;2;2;1;1;3;1;1;1;1;3;2;3;1;1;3;1;1;1;1;1;1;2;3;3;1;3;3;2;1;2;3;1;2;3;3;3;1;2;3;1;3;1;1;1;3;3;3;2;3;2;3;2;2;2;1;2;1;2;2
USERGRP155;1;3;2;3;2;3;1;2;2;3;2;2;2;1;2;3;3;2;2;2;2;2;1;2;3;1;1;1;3;1;3;1;2;3;3;1;3;1;2;1;1;2;2;2;2;1;1;1;1;2;2;2;2;3;2;2;2;3;1;3;3;2;3;3;3;2;3;2;1;1;3;2;3;2;3;3;1;2;2;1;2;1;3;2;2;1;1;3;2;1;2;2;2;1;1;2;2;1;1;1;3;3;3;2;2;3;1;3
USERGRP156;1;1;3;3;3;3;3;3;2;1;3;2;2;3;1;2;1;2;3;1;3;1;2;2;3;3;3;2;3;3;3;3;1;3;3;3;3;2;1;3;3;1;3;1;1;2;1;1;1;1;2;2;1;1;2;3;1;1;1;1;3;2;3;1;3;2;2;2;3;2;3;3;1;1;3;2;2;1;2;2;3;3;1;2;1;3;2;2;1;2;2;3;1;3;1;2;2;3;1;3;3;2;1;1;1;3;2;1
USERGRP157;1;2;2;2;3;1;1;1;2;1;1;3;3;2;2;2;3;3;3;2;3;2;2;2;1;1;1;3;2;2;2;2;3;3;3;1;2;2;2;3;1;3;2;1;1;2;2;2;1;2;2;1;2;3;3;1;2;3;2;1;2;1;3;3;2;1;1;1;1;1;3;2;2;1;2;3;2;2;2;1;2;3;1;1;2;3;1;1;1;3;2;2;1;2;1;3;2;2;2;3;3;2;1;2;3;2;2;2
USERGRP158;3;1;2;1;3;1;3;1;3;3;1;3;3;3;3;1;2;3;3;2;3;3;1;1;3;3;2;3;1;2;1;2;2;1;3;2;3;1;2;2;3;1;3;2;1;3;3;1;2;1;1;3;2;1;3;3;1;2;2;1;2;1;2;1;3;1;1;1;3;1;1;1;3;1;1;3;1;2;3;2;2;1;2;2;2;3;3;3;1;1;3;3;3;3;2;3;1;2;2;1;1;3;3;1;2;1;1;2
USERGRP159;1;3;1;1;3;1;1;2;1;1;1;2;2;2;1;1;2;2;1;3;3;1;2;2;2;3;3;2;1;2;1;3;1;2;1;3;2;3;2;2;2;2;1;1;3;2;1;3;1;1;2;1;3;2;2;3;1;2;2;1;2;2;2;2;1;1;3;3;1;2;3;3;1;2;1;3;1;2;1;3;1;2;2;2;3;1;3;3;2;2;3;1;2;3;2;1;3;2;1;1;1;3;2;1;2;1;1;3
USERGRP160;2;3;1;1;2;3;1;2;2;1;3;1;1;3;3;1;2;2;3;2;3;2;2;2;3;3;2;2;3;1;2;3;3;3;1;2;2;1;2;1;1;2;2;1;3;1;2;2;1;3;2;2;3;2;1;2;3;2;1;1;2;1;3;1;1;1;2;1;1;3;2;2;3;2;3;3;2;1;2;3;2;3;1;2;1;1;2;1;3;3;1;2;2;3;2;3;3;3;1;2;1;2;3;2;1;3;1;1
USERGRP161;3;2;1;2;1;3;2;2;2;1;1;1;2;1;1;3;3;3;2;3;3;3;2;2;1;2;1;2;3;3;3;3;2;2;1;3;3;3;2;3;1;2;1;2;2;2;2;1;3;3;3;3;2;1;2;2;2;3;3;3;1;3;1;2;2;2;2;2;3;1;1;3;2;3;3;3;3;1;3;3;1;3;3;1;1;2;2;2;3;3;1;2;2;1;2;1;3;1;2;3;2;3;3;2;2;1;2;2
USERGRP162;2;3;2;1;2;1;1;1;3;2;3;2;2;2;1;3;2;3;3;1;1;3;1;3;2;2;2;3;2;3;3;3;1;2;2;1;1;2;3;2;3;3;3;1;2;1;2;3;1;1;3;2;3;3;2;3;3;2;1;1;2;3;3;1;2;2;1;3;1;3;1;1;2;1;2;3;1;3;2;2;3;2;2;1;1;2;3;1;1;2;1;1;2;3;3;2;2;3;3;2;3;1;1;2;2;3;2;2
USERGRP163;3;2;1;2;3;3;3;1;3;2;1;1;1;1;2;1;3;3;1;1;3;3;2;2;3;2;2;3;1;2;3;1;1;1;3;2;2;3;2;1;3;1;3;3;3;2;2;1;3;1;3;2;2;1;1;3;2;3;2;3;2;3;3;1;2;1;3;1;2;3;1;3;2;2;2;2;3;3;1;1;3;3;2;3;2;2;3;1;1;3;1;2;3;1;3;2;1;1;1;2;3;2;3;1;2;1;3;2
USERGRP164;2;2;1;2;3;3;3;2;3;1;3;2;3;2;3;1;3;3;1;3;3;2;2;3;2;1;3;3;2;1;2;1;2;2;3;2;1;1;1;2;3;2;1;1;2;2;2;2;2;1;3;3;2;1;3;2;1;1;1;2;3;3;2;1;1;2;2;3;3;3;2;1;2;2;1;3;2;3;1;3;3;1;3;3;3;3;2;2;2;2;3;2;1;1;1;1;3;1;3;1;2;3;3;2;2;2;2;3
USERGRP165;3;2;2;1;3;2;1;3;3;3;3;3;2;3;1;3;1;1;2;2;2;2;1;2;2;1;2;3;2;1;2;2;3;3;2;2;2;2;2;2;1;3;3;3;1;3;1;3;1;3;2;1;2;1;2;1;2;3;3;2;2;3;3;2;1;2;1;3;2;3;2;2;3;3;3;3;1;1;1;2;1;2;3;3;2;1;1;1;3;3;1;3;1;1;2;1;1;2;2;2;2;3;1;2;2;3;3;1
USERGRP166;3;2;3;3;1;1;2;2;2;1;1;3;3;3;3;1;3;3;1;2;2;3;1;3;3;3;2;1;3;1;3;1;2;3;3;2;1;3;3;2;1;2;1;1;1;1;3;2;2;1;2;1;2;2;2;1;1;3;3;1;1;1;1;2;3;2;1;3;1;3;3;1;3;1;2;3;2;1;3;2;2;3;2;3;1;1;3;2;1;3;2;1;2;3;3;2;2;1;2;2;1;2;2;2;2;2;3;2
USERGRP167;2;1;2;1;2;3;1;1;2;3;3;3;1;1;3;2;2;3;3;2;1;1;3;2;2;3;3;1;1;2;1;1;3;3;1;1;3;1;2;1;1;3;3;2;1;1;2;1;2;1;3;1;1;3;2;3;3;3;1;1;2;3;3;2;3;1;3;2;2;3;2;3;2;2;2;2;2;1;3;1;3;1;1;1;2;2;2;1;3;1;3;1;3;1;2;1;1;3;1;3;3;2;1;3;3;1;3;3
USERGRP168;2;2;1;3;2;1;2;2;2;1;1;2;3;3;1;2;1;1;2;2;2;1;2;3;3;2;1;2;2;3;3;2;1;3;2;2;2;2;2;1;2;3;2;3;3;1;3;1;1;2;2;1;2;3;1;2;2;1;2;3;3;3;2;2;1;2;1;3;3;1;2;3;1;3;3;1;2;3;1;1;1;1;2;1;3;2;1;1;2;2;1;2;3;1;2;1;2;1;2;1;1;1;2;2;3;1;3;2
USERGRP169;2;1;2;3;3;3;2;2;2;2;1;1;2;3;1;1;2;1;2;3;2;1;3;1;2;2;3;1;2;3;3;3;1;3;1;3;1;1;1;2;3;3;1;2;3;3;1;2;1;1;1;2;3;1;3;2;2;1;2;3;3;2;2;2;1;3;2;2;2;3;3;3;2;3;2;1;1;3;1;1;1;3;1;3;1;1;3;3;3;1;1;2;1;2;2;2;3;3;3;3;1;2;2;2;2;1;3;1
USERGRP170;3;2;3;1;1;1;1;2;2;3;3;2;3;3;3;2;3;3;1;2;3;1;3;3;3;3;3;1;1;1;1;3;3;3;2;3;1;2;3;1;1;2;1;2;3;2;1;1;2;3;1;3;1;3;2;1;3;3;3;1;3;1;3;2;1;3;2;1;1;1;1;1;1;2;3;2;3;3;1;3;3;2;3;2;3;2;1;1;3;3;1;1;3;2;2;2;1;2;1;1;3;2;1;3;1;1;1;2
USERGRP171;2;2;1;3;3;2;2;1;3;3;3;3;1;2;2;3;3;2;1;1;2;1;3;2;2;1;3;2;3;3;1;3;3;3;3;3;3;3;3;3;1;3;3;3;3;3;2;1;2;2;3;3;1;3;2;2;2;1;3;2;2;2;1;3;3;2;3;3;2;1;3;3;1;3;2;1;1;2;1;2;1;3;2;3;2;1;1;2;2;2;3;2;1;2;1;2;2;3;1;2;3;3;2;1;1;1;2;2
USERGRP172;1;2;3;1;2;3;3;3;2;1;3;2;3;3;1;3;1;1;3;3;3;3;3;1;1;1;1;1;3;1;2;3;1;1;1;1;1;2;1;1;3;3;2;1;1;1;2;3;1;2;1;3;2;1;3;2;1;2;1;2;3;2;3;1;1;3;3;3;3;1;3;3;1;1;3;1;3;2;3;3;3;2;1;1;2;1;3;1;1;1;1;1;3;1;3;1;2;2;3;1;1;2;1;1;1;3;2;3
USERGRP173;2;1;1;1;3;3;1;3;1;2;1;3;3;1;1;1;1;1;3;1;2;3;1;3;3;1;2;2;2;1;3;2;2;2;1;2;1;2;2;3;2;1;1;1;1;3;3;2;3;1;3;3;2;1;3;2;1;2;2;1;3;3;2;3;3;3;2;1;3;3;2;2;3;3;1;1;1;3;2;1;3;3;3;3;1;3;1;3;3;1;3;3;3;1;2;1;3;1;3;3;1;3;3;2;2;3;3;1
USERGRP174;1;2;3;1;3;2;3;3;2;3;1;3;3;3;2;2;2;3;2;2;1;1;1;1;2;2;2;3;2;2;1;3;2;3;3;2;2;3;1;3;2;3;2;2;2;3;3;3;3;2;3;1;2;1;3;2;3;2;1;1;1;3;2;2;2;2;2;1;2;1;2;3;1;3;3;1;1;3;2;1;2;2;3;3;2;3;3;2;3;1;1;1;3;2;2;3;1;3;3;2;3;3;1;2;3;1;3;3
USERGRP175;2;2;3;1;1;1;1;3;3;3;3;1;3;2;1;2;2;2;1;1;3;1;2;3;2;1;1;1;1;1;2;2;2;2;2;2;2;3;2;2;1;2;2;3;2;1;1;1;3;3;3;3;2;3;2;1;3;3;3;3;1;3;3;1;3;3;3;3;2;2;3;3;2;3;2;3;3;2;3;3;3;3;1;1;2;3;1;2;1;3;2;1;2;3;3;3;1;2;1;3;3;1;2;3;2;3;2;3
USERGRP176;2;3;1;3;1;2;1;2;2;1;3;1;2;1;3;1;1;2;3;1;3;2;2;3;2;1;3;2;2;1;1;2;3;3;1;3;1;3;3;2;1;3;2;3;3;1;2;2;2;3;1;3;3;2;2;2;3;2;2;1;3;2;3;1;3;3;3;3;1;3;1;2;2;2;1;3;1;2;3;1;1;1;3;2;2;2;1;3;1;3;3;2;1;3;2;2;3;3;2;2;1;2;3;1;1;2;1;1
USERGRP177;2;1;3;1;1;1;3;1;1;3;3;3;2;3;1;2;3;1;2;1;3;1;1;3;3;2;2;3;2;1;1;3;3;3;2;2;1;2;1;2;1;2;3;3;2;1;3;2;3;3;2;1;3;1;2;3;3;1;2;2;1;1;3;2;3;1;1;3;1;3;3;2;1;1;2;3;3;2;1;2;1;2;1;2;2;1;2;3;1;1;2;2;1;1;1;2;3;3;2;3;2;3;3;1;3;1;2;2
USERGRP178;1;2;2;1;2;1;3;2;2;1;1;1;3;2;2;1;2;3;2;1;1;1;1;2;2;3;1;3;2;1;2;3;1;2;1;3;2;1;3;3;1;2;2;1;1;3;1;2;2;2;3;1;2;2;3;3;1;1;3;1;1;1;2;1;1;1;3;3;1;3;1;2;1;3;3;2;2;1;3;2;3;1;1;2;3;3;3;1;1;1;1;3;2;3;2;1;1;2;1;1;3;1;1;1;3;1;3;2
USERGRP179;3;3;2;3;2;2;1;1;1;1;1;2;3;2;1;3;3;1;2;2;1;2;3;2;1;3;1;2;1;2;1;1;1;3;2;3;1;3;1;3;3;2;3;1;3;2;2;2;1;3;2;1;1;2;1;1;1;2;2;3;2;1;1;1;2;3;2;3;1;2;2;2;2;3;1;2;3;1;3;1;2;1;2;3;2;2;1;2;2;3;2;2;1;3;2;2;2;2;3;2;2;1;1;3;1;2;3;3
USERGRP180;3;2;3;1;3;3;1;2;3;2;2;1;2;3;3;3;2;1;2;3;1;1;1;3;3;3;2;3;1;1;1;1;2;2;3;3;1;1;1;1;1;3;1;2;3;3;2;3;3;1;3;3;1;3;3;2;1;2;3;2;2;2;3;3;2;2;1;2;2;1;3;1;3;1;3;1;2;3;1;3;3;3;3;2;2;3;3;3;2;1;2;3;2;3;1;3;3;1;3;3;3;2;2;3;3;1;2;3
USERGRP181;1;2;3;2;3;3;3;3;3;2;3;1;3;2;2;2;3;2;3;2;2;2;1;1;3;3;2;1;2;2;1;3;2;3;1;1;2;3;3;2;3;3;2;2;3;2;1;2;3;2;3;1;1;2;1;1;1;3;3;3;3;1;2;2;1;2;2;2;3;3;3;1;2;3;2;3;2;1;2;3;3;3;3;1;3;3;2;3;1;3;2;2;1;2;1;1;3;1;1;2;1;1;3;1;2;2;1;1
USERGRP182;1;3;1;1;1;2;2;2;1;3;2;2;3;1;2;3;1;3;2;2;2;2;2;3;2;3;2;3;2;1;2;3;3;1;1;2;3;1;2;2;2;1;3;1;3;2;1;2;1;1;2;2;3;2;2;1;3;1;3;1;3;2;2;2;3;3;2;3;2;1;1;1;3;3;2;1;1;3;3;3;3;2;3;3;2;2;1;3;1;2;2;3;1;1;2;1;1;1;2;3;2;2;2;1;2;1;1;1
USERGRP183;2;2;2;2;3;2;2;2;1;3;1;1;3;2;2;3;3;2;3;2;3;3;2;3;3;3;3;1;3;2;2;1;2;1;1;3;1;2;3;3;1;2;2;2;2;1;3;3;1;2;3;1;1;1;1;1;3;2;3;1;1;1;2;1;3;2;3;3;1;1;2;3;2;1;2;1;3;3;2;1;2;1;1;2;1;3;3;2;1;2;1;1;3;3;2;3;2;3;2;3;2;2;2;2;2;1;1;2
USERGRP184;3;1;1;1;2;1;1;3;1;1;3;2;3;3;1;2;2;2;1;3;2;2;1;2;3;3;2;3;1;2;1;2;3;2;2;3;2;2;1;3;2;1;2;3;2;1;1;2;3;3;3;1;3;3;2;1;3;1;3;2;1;2;3;1;1;1;2;2;3;2;1;2;1;2;3;1;1;1;1;2;2;1;3;3;2;2;1;2;2;1;2;3;3;1;1;2;1;1;2;1;2;1;3;1;2;2;1;3
USERGRP185;1;2;1;2;3;1;3;1;1;1;3;1;3;2;2;1;2;2;1;3;2;3;3;1;3;2;2;2;3;2;2;1;3;3;1;3;2;3;1;1;3;2;3;2;3;1;1;1;1;2;2;3;1;1;1;3;1;2;3;1;2;2;2;2;2;3;3;1;2;3;2;3;1;2;2;3;1;1;3;3;3;1;3;1;1;2;2;2;1;2;2;3;3;1;2;1;3;3;3;1;1;2;1;1;1;2;2;2
USERGRP186;2;2;1;1;1;2;3;3;2;1;1;3;2;1;2;1;2;3;3;2;3;1;3;3;2;2;3;2;1;3;2;1;1;2;2;2;1;2;2;2;1;1;2;3;3;2;1;3;3;2;1;2;2;1;2;3;3;2;3;1;2;2;2;2;2;1;3;2;3;2;1;2;1;1;2;1;1;1;1;1;1;1;1;1;1;2;1;3;1;2;2;1;3;1;2;3;3;1;1;3;3;1;3;3;3;1;1;2
USERGRP187;2;3;1;2;3;1;2;1;3;1;1;1;3;3;1;2;1;2;3;1;2;2;3;3;1;3;2;3;1;2;1;2;1;2;2;3;2;3;3;2;1;1;3;3;3;3;1;2;3;1;2;1;2;1;3;1;1;3;1;1;3;2;2;2;3;3;1;1;1;1;2;3;2;1;3;2;1;2;3;2;1;1;2;2;1;2;1;2;2;2;1;2;1;2;1;1;1;2;3;1;1;2;3;2;1;3;2;3
USERGRP188;2;1;1;1;2;1;3;2;1;2;1;2;2;2;2;3;2;3;3;1;2;2;2;2;3;2;1;2;2;3;1;2;2;2;2;2;3;3;1;1;3;2;1;2;3;2;1;1;1;3;3;2;1;3;1;1;1;2;1;3;1;1;2;2;2;3;1;1;2;1;3;3;2;1;2;1;2;1;2;3;2;2;1;3;2;1;1;1;1;3;3;2;2;3;3;1;2;3;1;1;2;1;3;1;2;2;1;3
USERGRP189;1;2;2;3;2;2;2;3;2;2;1;1;3;3;3;2;3;1;1;3;1;2;1;2;2;1;3;1;2;2;3;1;1;3;3;1;1;1;1;1;2;1;2;1;2;2;2;1;3;2;3;2;2;3;3;3;2;2;1;3;3;2;3;1;2;2;2;2;3;3;1;1;2;2;2;3;1;2;3;1;1;1;2;1;2;3;1;2;1;1;2;1;1;2;2;1;1;1;1;3;3;1;3;1;2;1;2;1
USERGRP190;1;3;3;1;2;2;3;3;3;2;1;1;2;1;3;1;1;2;2;2;1;2;2;3;2;2;2;3;3;1;2;2;1;2;2;2;1;2;2;1;3;3;2;3;3;2;3;1;3;1;1;3;3;1;2;1;2;1;2;2;1;2;2;2;2;1;2;1;1;1;2;2;1;3;1;2;1;1;2;3;3;1;3;3;2;2;1;1;1;1;2;2;3;2;3;3;3;1;3;2;1;2;1;1;2;2;1;2
USERGRP191;2;1;2;2;1;3;1;2;3;1;3;1;2;1;2;2;2;1;2;3;3;1;1;2;2;2;3;1;3;1;3;3;1;3;1;3;1;3;2;1;1;2;1;1;2;2;2;3;1;2;3;3;3;1;3;2;2;3;1;3;2;2;2;1;3;1;2;1;3;2;2;2;1;1;3;1;3;3;3;1;3;2;1;2;3;2;3;3;1;2;2;3;2;3;1;3;3;2;2;1;3;1;1;3;1;3;3;3
USERGRP192;2;2;3;1;3;3;3;3;3;2;1;3;3;2;2;3;3;1;2;3;1;3;3;2;2;2;3;3;3;2;3;3;3;3;2;2;1;2;2;1;1;2;3;3;2;2;2;1;3;3;1;1;3;2;2;3;2;1;2;2;3;2;2;1;3;1;2;1;2;2;3;2;3;3;3;3;1;2;3;2;1;3;3;1;3;3;2;2;1;1;2;2;3;3;3;3;2;2;2;1;1;1;2;1;1;3;1;2
USERGRP193;1;2;2;3;1;2;2;3;2;2;3;1;3;3;2;1;1;2;2;1;3;2;3;2;1;1;2;1;3;2;1;3;1;2;1;2;1;2;3;2;1;2;1;3;1;1;1;1;3;2;3;1;3;2;2;1;3;3;2;3;2;2;2;3;1;3;1;3;2;3;2;1;3;3;1;3;2;1;1;2;1;3;2;2;3;3;1;2;1;1;3;2;2;1;2;1;3;3;2;2;1;1;3;2;2;2;3;2
USERGRP194;3;1;3;2;3;2;3;3;2;3;3;2;3;2;2;1;1;3;1;2;2;3;1;3;3;2;2;3;1;3;2;1;3;3;1;2;3;2;2;1;1;2;2;1;2;3;1;2;1;3;2;1;1;3;2;1;1;1;2;3;1;1;3;3;1;3;2;3;1;3;3;2;3;3;1;1;1;2;3;3;2;2;2;1;2;2;1;2;2;2;1;2;1;1;1;3;2;3;3;1;2;3;3;3;1;2;3;2
USERGRP195;2;2;2;2;2;2;3;2;1;3;1;2;1;3;1;1;3;2;2;2;2;1;3;3;3;1;1;2;2;2;2;3;3;1;2;2;3;3;2;3;3;3;2;3;2;3;1;3;3;1;2;3;1;1;3;2;1;1;3;2;2;3;3;2;3;1;3;1;1;2;3;3;3;1;3;1;2;3;1;2;1;3;3;3;1;2;1;2;2;3;1;3;3;1;2;1;3;3;1;2;1;3;3;1;3;3;1;3
USERGRP196;1;3;3;2;2;2;2;2;3;3;2;2;1;3;3;3;1;3;1;2;3;2;1;2;3;2;3;3;1;1;3;1;1;3;3;1;1;3;2;1;3;3;3;1;1;3;3;1;2;1;1;1;3;2;1;1;2;3;1;1;1;1;2;3;3;3;1;2;1;1;3;3;1;1;2;1;1;3;3;2;3;2;2;1;3;1;2;3;2;3;3;1;2;1;3;2;1;3;3;1;3;1;2;1;3;2;1;3
USERGRP197;2;3;3;1;2;3;2;1;2;2;2;3;2;3;1;3;1;3;3;3;2;1;1;3;3;3;1;1;3;1;2;1;2;3;1;3;1;2;1;1;2;1;2;1;2;2;1;1;1;2;1;2;1;3;2;1;2;2;1;2;2;1;3;2;2;2;2;2;3;3;1;3;1;3;3;2;3;2;2;1;3;3;3;3;1;3;3;2;3;2;1;3;2;2;1;2;2;1;2;1;1;1;2;1;3;2;3;1
USERGRP198;1;3;2;1;2;3;2;3;3;2;2;2;2;1;2;1;1;3;1;1;2;2;3;2;3;3;1;1;1;2;1;3;3;1;2;2;1;2;1;2;1;1;3;3;2;1;3;2;1;3;3;2;2;3;1;2;2;3;2;1;2;1;1;1;3;3;3;3;1;1;2;3;1;2;1;2;1;3;3;1;2;1;2;1;1;3;1;3;2;1;2;1;1;1;2;2;2;1;1;2;3;1;2;1;2;2;1;1
USERGRP199;2;2;1;3;1;2;2;1;2;3;3;3;2;3;3;1;3;1;1;1;2;3;2;3;1;2;2;1;1;3;3;1;2;1;2;2;2;3;2;2;2;3;1;3;2;2;1;2;3;3;3;1;2;1;1;3;2;3;3;2;1;1;1;1;2;3;2;2;1;3;2;2;3;3;3;3;3;2;2;2;1;1;1;1;2;2;2;1;3;2;2;2;3;2;3;2;2;3;2;3;3;3;2;3;2;1;1;1
USERGRP200;3;1;1;2;1;2;1;1;3;1;3;2;2;3;1;1;1;3;1;2;2;1;1;2;3;1;1;1;1;1;1;3;3;3;2;3;2;1;1;2;2;3;1;3;1;2;1;2;3;2;3;2;3;3;3;3;2;2;1;2;3;3;1;2;1;2;3;2;1;1;3;1;2;2;3;2;2;3;1;2;3;2;1;3;3;2;1;3;3;2;2;2;3;3;3;2;1;1;1;2;2;3;3;3;2;2;2;3
